id,educate,american,group
1030,14,2.0000005,Not immigrant
1059,14,14.000001,Not immigrant
1076,10,20,Not immigrant
1079,16,10,Not immigrant
1084,14,12.5,Not immigrant
1092,14,26.666668,Not immigrant
1102,12,3.9999998,Not immigrant
1110,14,3.9999998,Not immigrant
1115,16,12.5,Not immigrant
1117,16,13.333332,Not immigrant
1121,14,17.5,Not immigrant
1123,20,17.5,Not immigrant
1125,12,12.5,Not immigrant
1133,20,14.000001,Not immigrant
1134,14,25,Not immigrant
1140,14,15,Not immigrant
1143,12,10,Not immigrant
1148,20,10,Not immigrant
1166,18,15,Not immigrant
1168,12,10,Not immigrant
1174,20,10,Not immigrant
1193,14,7.9999995,Not immigrant
1201,14,0,Not immigrant
1225,12,7.5,Not immigrant
1230,10,15,Not immigrant
1233,12,26.666668,Not immigrant
1235,14,2.0000005,Not immigrant
1240,20,17.5,Not immigrant
1241,14,6.666666,Not immigrant
1245,12,6,Not immigrant
1265,12,7.5,Not immigrant
1267,20,15,Not immigrant
1270,12,26.666668,Not immigrant
1271,12,15,Not immigrant
1283,10,7.5,Not immigrant
1284,14,14.000001,Not immigrant
1287,10,13.333332,Not immigrant
1288,14,12,Not immigrant
1292,14,12,Not immigrant
1296,12,3.3333337,Not immigrant
1300,14,18.333332,Not immigrant
1302,16,10,Not immigrant
1303,10,13.333332,Not immigrant
1324,12,0,Not immigrant
1328,12,1.6666663,Not immigrant
1343,16,14.000001,Not immigrant
1347,14,12.5,Not immigrant
1349,20,17.5,Not immigrant
1369,12,8.333334,Not immigrant
1371,14,15.999999,Not immigrant
1393,14,15,Not immigrant
1414,16,22.5,Not immigrant
1419,14,10,Not immigrant
1424,14,23.333332,Not immigrant
1426,20,15,Not immigrant
1429,14,12,Not immigrant
1453,18,10,Not immigrant
1468,10,18.333332,Not immigrant
1478,20,22,Not immigrant
1482,14,18,Not immigrant
1484,14,10,Not immigrant
1490,14,17.5,Not immigrant
1503,16,7.5,Not immigrant
1505,20,14.000001,Not immigrant
1506,12,12,Not immigrant
1508,16,6.666666,Not immigrant
1509,14,18,Not immigrant
1511,20,10,Not immigrant
1516,12,6.666666,Not immigrant
1518,16,12.5,Not immigrant
1521,10,3.3333337,Not immigrant
1528,14,12.5,Not immigrant
1541,14,7.9999995,Not immigrant
1553,16,15,Not immigrant
1568,12,6,Not immigrant
1586,12,7.9999995,Not immigrant
1595,13,10,Not immigrant
1607,16,12,Not immigrant
1609,12,6,Not immigrant
1610,14,25,Not immigrant
1617,12,12.5,Not immigrant
1623,12,3.9999998,Not immigrant
1632,12,6,Not immigrant
1644,16,6.666666,Not immigrant
1655,18,5,Not immigrant
1657,10,6,Not immigrant
1658,14,7.5,Not immigrant
1670,16,2.5,Not immigrant
1691,14,20,Not immigrant
1705,20,8.333334,Not immigrant
1706,14,12,Not immigrant
1708,20,17.5,Not immigrant
1728,20,12.5,Not immigrant
1729,12,12,Not immigrant
1749,16,2.5,Not immigrant
1756,14,10,Not immigrant
1759,16,12,Not immigrant
1774,14,0,Not immigrant
1786,14,3.9999998,Not immigrant
1796,16,0,Not immigrant
1834,14,17.5,Not immigrant
1835,12,7.9999995,Not immigrant
1863,10,5,Not immigrant
1872,20,14.000001,Not immigrant
1891,20,23.333332,Not immigrant
1900,20,6,Not immigrant
1904,12,6,Not immigrant
1911,20,20,Not immigrant
1916,16,14.000001,Not immigrant
1918,20,10,Not immigrant
1939,16,20,Not immigrant
1961,18,22.5,Not immigrant
1971,14,15,Not immigrant
1975,14,7.9999995,Not immigrant
2008,12,25,Not immigrant
2019,20,13.333332,Not immigrant
2022,14,6,Not immigrant
2041,16,18,Not immigrant
2060,14,12,Not immigrant
2086,14,10,Not immigrant
2091,14,10,Not immigrant
2101,16,10,Not immigrant
2104,12,13.333332,Not immigrant
2114,18,20,Not immigrant
2122,16,26.666668,Not immigrant
2135,14,2.5,Not immigrant
2141,18,6.666666,Not immigrant
2149,20,20,Not immigrant
2150,12,10,Not immigrant
2173,18,10,Not immigrant
2176,16,15,Not immigrant
2179,12,15,Not immigrant
2183,20,20,Not immigrant
2187,14,14.000001,Not immigrant
2193,14,15.999999,Not immigrant
2195,14,12.5,Not immigrant
2197,20,10,Not immigrant
2208,10,6,Not immigrant
2209,14,10,Not immigrant
2218,10,5,Not immigrant
2221,16,12.5,Not immigrant
2233,10,6.666666,Not immigrant
2238,14,23.333332,Not immigrant
2252,16,13.333332,Not immigrant
2266,13,15,Not immigrant
2278,12,18,Not immigrant
2279,14,2.0000005,Not immigrant
2282,12,7.5,Not immigrant
2283,16,6,Not immigrant
2309,14,10,Not immigrant
2330,12,15.999999,Not immigrant
2332,12,7.5,Not immigrant
2340,14,6,Not immigrant
2345,12,12.5,Not immigrant
2349,12,6.666666,Not immigrant
2350,16,17.5,Not immigrant
2362,14,14.000001,Not immigrant
2400,14,2.0000005,Not immigrant
2416,16,7.9999995,Not immigrant
2436,16,20,Not immigrant
2451,18,20,Not immigrant
2472,16,15.999999,Not immigrant
2481,20,16.666668,Not immigrant
2491,16,6,Not immigrant
2498,14,12.5,Not immigrant
2507,13,6.666666,Not immigrant
2510,16,17.5,Not immigrant
2515,12,3.3333337,Not immigrant
2522,16,15.999999,Not immigrant
2532,14,17.5,Not immigrant
2534,18,15.999999,Not immigrant
2535,12,10,Not immigrant
2537,16,17.5,Not immigrant
2538,14,3.9999998,Not immigrant
2548,14,12.5,Not immigrant
2550,12,14.000001,Not immigrant
2553,12,6.666666,Not immigrant
2556,16,26.666668,Not immigrant
2564,14,14.000001,Not immigrant
2570,20,17.5,Not immigrant
2572,14,5,Not immigrant
2576,14,12,Not immigrant
2578,14,18,Not immigrant
2589,14,6,Not immigrant
2602,20,3.9999998,Not immigrant
2606,13,10,Not immigrant
2607,12,12,Not immigrant
2617,20,22.5,Not immigrant
2618,14,7.9999995,Not immigrant
2625,16,17.5,Not immigrant
2636,12,15,Not immigrant
2637,20,14.000001,Not immigrant
2641,20,24,Not immigrant
2648,14,14.000001,Not immigrant
2663,20,22.5,Not immigrant
2669,16,12,Not immigrant
2671,14,1.6666663,Not immigrant
2673,16,22.5,Not immigrant
2674,16,14.000001,Not immigrant
2679,18,23.333332,Not immigrant
2694,12,12.5,Not immigrant
2695,16,11.666668,Not immigrant
2696,12,10,Not immigrant
2718,10,3.9999998,Not immigrant
2719,14,16.666668,Not immigrant
2738,14,20,Not immigrant
2739,20,20,Not immigrant
2740,20,20,Not immigrant
2742,18,12.5,Not immigrant
2748,12,7.5,Not immigrant
2751,20,12,Not immigrant
2754,20,3.3333337,Not immigrant
2757,16,15,Not immigrant
2760,20,23.333332,Not immigrant
2763,12,20,Not immigrant
2768,10,10,Not immigrant
2773,16,14.000001,Not immigrant
2778,12,30,Not immigrant
2780,16,2.5,Not immigrant
2781,12,2.0000005,Not immigrant
2798,14,17.5,Not immigrant
2813,16,15,Not immigrant
2819,18,11.666668,Not immigrant
2823,20,20,Not immigrant
2829,12,5,Not immigrant
2831,12,12.5,Not immigrant
2850,12,0,Not immigrant
2858,16,7.5,Not immigrant
2869,20,15,Not immigrant
2871,14,15,Not immigrant
2872,20,20,Not immigrant
2878,12,12.5,Not immigrant
2880,16,10,Not immigrant
2882,14,6,Not immigrant
2896,14,6.666666,Not immigrant
2897,12,7.9999995,Not immigrant
2900,12,20,Not immigrant
2917,14,0,Not immigrant
2937,14,14.000001,Not immigrant
2939,14,12,Not immigrant
2950,14,14.000001,Not immigrant
2954,16,11.666668,Not immigrant
2959,10,14.000001,Not immigrant
2960,14,18,Not immigrant
2965,16,20,Not immigrant
2971,13,13.333332,Not immigrant
2973,14,0,Not immigrant
2987,16,10,Not immigrant
2992,20,15.999999,Not immigrant
3002,16,0,Not immigrant
3007,18,10,Not immigrant
3026,12,12,Not immigrant
3029,12,10,Not immigrant
3036,14,6.666666,Not immigrant
3041,12,10,Not immigrant
3050,10,13.333332,Not immigrant
3063,14,7.5,Not immigrant
3065,12,10,Not immigrant
3076,16,7.5,Not immigrant
3094,12,7.9999995,Not immigrant
3111,16,18,Not immigrant
3131,20,17.5,Not immigrant
3158,12,12.5,Not immigrant
3163,14,2.5,Not immigrant
3168,16,0,Not immigrant
3169,12,14.000001,Not immigrant
3183,16,15,Not immigrant
3191,12,8.333334,Not immigrant
3195,14,16.666668,Not immigrant
3204,13,15,Not immigrant
3209,10,10,Not immigrant
3215,14,12.5,Not immigrant
3220,20,14.000001,Not immigrant
3226,20,7.9999995,Not immigrant
3228,14,2.0000005,Not immigrant
3243,10,1.6666663,Not immigrant
3245,18,15,Not immigrant
3248,13,10,Not immigrant
3256,14,6,Not immigrant
3277,14,25,Not immigrant
3284,12,5,Not immigrant
3321,14,15,Not immigrant
3323,13,10,Not immigrant
3344,12,13.333332,Not immigrant
3358,18,0,Not immigrant
3375,13,10,Not immigrant
3394,13,0,Not immigrant
3399,10,12,Not immigrant
3400,14,20,Not immigrant
3415,20,15.999999,Not immigrant
3417,16,13.333332,Not immigrant
3431,14,14.000001,Not immigrant
3433,12,14.000001,Not immigrant
3455,12,14.000001,Not immigrant
3460,16,14.000001,Not immigrant
3461,16,20,Not immigrant
3463,14,11.666668,Not immigrant
3474,16,6.666666,Not immigrant
3480,14,15.999999,Not immigrant
3490,12,7.9999995,Not immigrant
3500,12,10,Not immigrant
3503,20,6,Not immigrant
3504,16,15,Not immigrant
3506,16,23.333332,Not immigrant
3514,12,12,Not immigrant
3519,12,8.333334,Not immigrant
3523,12,10,Not immigrant
3528,14,20,Not immigrant
3551,12,17.5,Not immigrant
3552,16,10,Not immigrant
3560,18,10,Not immigrant
3573,20,22.5,Not immigrant
3578,14,15,Not immigrant
3610,10,7.5,Not immigrant
3626,12,14.000001,Not immigrant
3629,12,6,Not immigrant
3647,10,12,Not immigrant
3658,12,7.9999995,Not immigrant
3675,14,10,Not immigrant
3684,12,5,Not immigrant
3699,13,6.666666,Not immigrant
3704,12,7.9999995,Not immigrant
3711,16,26.666668,Not immigrant
3714,13,12.5,Not immigrant
3716,10,12.5,Not immigrant
3717,10,6.666666,Not immigrant
3725,14,3.9999998,Not immigrant
3728,10,10,Not immigrant
3730,16,15,Not immigrant
3739,16,6,Not immigrant
3741,14,13.333332,Not immigrant
3747,16,26.666668,Not immigrant
3755,12,7.9999995,Not immigrant
3762,14,10,Not immigrant
3771,14,13.333332,Not immigrant
3773,12,10,Not immigrant
3778,10,6,Not immigrant
3782,12,7.9999995,Not immigrant
3795,20,23.333332,Not immigrant
3800,16,2.5,Not immigrant
3809,16,26.666668,Not immigrant
3819,20,20,Not immigrant
3821,12,7.9999995,Not immigrant
3822,16,10,Not immigrant
3830,16,27.5,Not immigrant
3831,10,15,Not immigrant
3838,14,12,Not immigrant
3840,14,20,Not immigrant
3845,14,5,Not immigrant
3846,12,10,Not immigrant
3854,14,13.333332,Not immigrant
3859,14,16.666668,Not immigrant
3861,20,8.333334,Not immigrant
3882,20,25,Not immigrant
3886,20,10,Not immigrant
3901,14,6.666666,Not immigrant
3907,16,15.999999,Not immigrant
3924,14,7.9999995,Not immigrant
3927,18,26.666668,Not immigrant
3931,12,12,Not immigrant
3937,14,17.5,Not immigrant
3940,20,30,Not immigrant
3949,16,22.5,Not immigrant
3971,14,22,Not immigrant
3989,20,10,Not immigrant
4000,12,7.5,Not immigrant
4010,14,12,Not immigrant
4023,10,0,Not immigrant
4033,16,15,Not immigrant
4039,16,20,Not immigrant
4055,14,12,Not immigrant
4066,14,7.5,Not immigrant
4072,16,16.666668,Not immigrant
4080,12,13.333332,Not immigrant
4083,14,12,Not immigrant
4086,20,23.333332,Not immigrant
4089,12,22.5,Not immigrant
4090,14,5,Not immigrant
4096,14,15,Not immigrant
4108,20,15,Not immigrant
4113,12,0,Not immigrant
4139,13,3.9999998,Not immigrant
4170,13,0,Not immigrant
4183,12,20,Not immigrant
4211,20,17.5,Not immigrant
4246,16,12,Not immigrant
4253,20,20,Not immigrant
4254,14,20,Not immigrant
4256,16,12,Not immigrant
4264,12,8.333334,Not immigrant
4286,13,3.3333337,Not immigrant
4289,12,5,Not immigrant
4291,14,20,Not immigrant
4301,14,5,Not immigrant
4303,16,12.5,Not immigrant
4304,12,12.5,Not immigrant
4305,16,17.5,Not immigrant
4320,14,20,Not immigrant
4322,18,20,Not immigrant
4325,16,16.666668,Not immigrant
4329,12,12.5,Not immigrant
4338,12,10,Not immigrant
4343,20,12,Not immigrant
4351,20,20,Not immigrant
4357,12,22.5,Not immigrant
4364,16,7.5,Not immigrant
4373,16,22.5,Not immigrant
4396,14,3.9999998,Not immigrant
4404,14,15.999999,Not immigrant
4407,14,23.333332,Not immigrant
4413,16,20,Not immigrant
4420,12,12.5,Not immigrant
4425,10,20,Not immigrant
4429,16,15.999999,Not immigrant
4436,14,6.666666,Not immigrant
4459,12,13.333332,Not immigrant
4464,12,7.9999995,Not immigrant
4478,14,3.3333337,Not immigrant
4481,20,17.5,Not immigrant
4490,16,0,Not immigrant
4493,12,10,Not immigrant
4506,14,15,Not immigrant
4513,12,12.5,Not immigrant
4518,12,20,Not immigrant
4525,12,20,Not immigrant
4527,12,12.5,Not immigrant
4528,14,14.000001,Not immigrant
4539,14,18,Not immigrant
4556,10,12,Not immigrant
4562,12,2.5,Not immigrant
4563,20,15.999999,Not immigrant
4566,14,26,Not immigrant
4592,10,12.5,Not immigrant
4593,10,10,Not immigrant
4600,16,10,Not immigrant
4627,14,13.333332,Not immigrant
4629,14,11.666668,Not immigrant
4645,20,20,Not immigrant
4657,12,6.666666,Not immigrant
4661,14,6,Not immigrant
4672,14,16.666668,Not immigrant
4673,18,7.9999995,Not immigrant
4682,16,13.333332,Not immigrant
4694,14,11.666668,Not immigrant
4697,12,12,Not immigrant
4702,16,12.5,Not immigrant
4710,14,17.5,Not immigrant
4726,16,15,Not immigrant
4732,12,0,Not immigrant
4739,12,6,Not immigrant
4749,13,20,Not immigrant
4769,13,6,Not immigrant
4770,12,14.000001,Not immigrant
4773,18,12,Not immigrant
4776,20,20,Not immigrant
4779,13,14.000001,Not immigrant
4781,12,12,Not immigrant
4787,16,10,Not immigrant
4809,20,18.333332,Not immigrant
4817,16,6,Not immigrant
4825,14,17.5,Not immigrant
4827,16,18,Not immigrant
4834,16,22,Not immigrant
4841,20,15,Not immigrant
4842,14,10,Not immigrant
4853,14,15,Not immigrant
4854,13,10,Not immigrant
4857,16,18,Not immigrant
4861,20,16.666668,Not immigrant
4871,12,0,Not immigrant
4892,20,12,Not immigrant
4900,12,7.9999995,Not immigrant
4921,12,0,Not immigrant
4925,14,2.0000005,Not immigrant
4943,14,17.5,Not immigrant
4944,18,12.5,Not immigrant
4946,20,14.000001,Not immigrant
4955,14,12,Not immigrant
4963,10,17.5,Not immigrant
4972,14,20,Not immigrant
4986,14,11.666668,Not immigrant
4989,14,17.5,Not immigrant
5008,12,15,Not immigrant
5016,14,6.666666,Not immigrant
5018,18,16.666668,Not immigrant
5027,12,0,Not immigrant
5047,12,15.999999,Not immigrant
5053,20,10,Not immigrant
5054,12,3.3333337,Not immigrant
5064,16,7.9999995,Not immigrant
5066,18,6.666666,Not immigrant
5071,16,10,Not immigrant
5075,20,30,Not immigrant
5081,20,14.000001,Not immigrant
5094,13,2.5,Not immigrant
5102,12,23.333332,Not immigrant
5106,16,5,Not immigrant
5109,12,15,Not immigrant
5116,12,15,Not immigrant
5122,10,0,Not immigrant
5129,13,10,Not immigrant
5133,10,0,Not immigrant
5160,12,15,Not immigrant
5175,20,18,Not immigrant
5176,14,10,Not immigrant
5186,16,15,Not immigrant
5199,20,27.5,Not immigrant
5205,12,3.9999998,Not immigrant
5226,14,10,Not immigrant
5227,12,10,Not immigrant
5239,14,7.5,Not immigrant
5244,14,26.666668,Not immigrant
5250,14,20,Not immigrant
5255,16,15,Not immigrant
5269,20,22,Not immigrant
5278,20,14.000001,Not immigrant
5286,14,23.333332,Not immigrant
5293,16,15.999999,Not immigrant
5325,20,28,Not immigrant
5344,16,7.5,Not immigrant
5347,14,8.333334,Not immigrant
5352,16,7.5,Not immigrant
5360,14,12.5,Not immigrant
5368,10,0,Not immigrant
5399,18,15,Not immigrant
5400,12,10,Not immigrant
5401,16,15,Not immigrant
5403,12,12.5,Not immigrant
5407,14,0,Not immigrant
5414,14,7.9999995,Not immigrant
5418,12,20,Not immigrant
5419,12,2.0000005,Not immigrant
5428,14,13.333332,Not immigrant
5436,16,20,Not immigrant
5457,16,10,Not immigrant
5489,14,15,Not immigrant
5499,16,12,Not immigrant
5505,20,17.5,Not immigrant
5543,16,15,Not immigrant
5544,14,7.9999995,Not immigrant
5562,20,3.9999998,Not immigrant
5563,12,23.333332,Not immigrant
5594,14,18,Not immigrant
5614,12,12,Not immigrant
5628,18,12.5,Not immigrant
5631,16,20,Not immigrant
5634,12,0,Not immigrant
5641,16,15.999999,Not immigrant
5673,14,10,Not immigrant
5675,12,5,Not immigrant
5681,16,14.000001,Not immigrant
5684,14,10,Not immigrant
5691,18,15,Not immigrant
5723,12,11.666668,Not immigrant
5734,13,7.5,Not immigrant
5742,12,12.5,Not immigrant
5755,12,5,Not immigrant
5776,14,15,Not immigrant
5781,12,17.5,Not immigrant
5808,16,7.5,Not immigrant
5827,20,12.5,Not immigrant
5835,12,26,Not immigrant
5850,14,10,Not immigrant
5859,12,17.5,Not immigrant
5862,14,14.000001,Not immigrant
5873,14,15.999999,Not immigrant
5875,12,0,Not immigrant
5879,14,12,Not immigrant
5888,13,2.5,Not immigrant
5911,13,12.5,Not immigrant
5919,12,12.5,Not immigrant
5944,12,3.9999998,Not immigrant
5952,12,5,Not immigrant
5956,14,10,Not immigrant
5961,12,7.5,Not immigrant
5969,10,7.5,Not immigrant
5981,14,12,Not immigrant
5983,16,20,Not immigrant
5984,18,12.5,Not immigrant
5990,16,12.5,Not immigrant
5992,12,7.5,Not immigrant
5996,16,3.9999998,Not immigrant
6005,18,20,Not immigrant
6028,14,20,Not immigrant
6033,12,23.333332,Not immigrant
6060,12,5,Not immigrant
6068,20,15,Not immigrant
6077,12,18.333332,Not immigrant
6082,14,14.000001,Not immigrant
6084,12,0,Not immigrant
6085,14,10,Not immigrant
6088,16,22.5,Not immigrant
6090,16,15,Not immigrant
6094,18,14.000001,Not immigrant
6102,14,14.000001,Not immigrant
6105,14,14.000001,Not immigrant
6110,20,14.000001,Not immigrant
6112,20,8.333334,Not immigrant
6126,10,10,Not immigrant
6127,16,14.000001,Not immigrant
6131,10,10,Not immigrant
6136,14,5,Not immigrant
6139,12,20,Not immigrant
6147,14,20,Not immigrant
6153,14,10,Not immigrant
6154,20,17.5,Not immigrant
6157,12,22.5,Not immigrant
6164,20,13.333332,Not immigrant
6170,14,12,Not immigrant
6176,14,12,Not immigrant
6177,14,18,Not immigrant
6202,12,12,Not immigrant
6206,12,18,Not immigrant
6208,14,20,Not immigrant
6210,12,12,Not immigrant
6214,16,14.000001,Not immigrant
6218,13,2.0000005,Not immigrant
6220,14,3.9999998,Not immigrant
6231,14,15,Not immigrant
6240,13,12,Not immigrant
6243,12,20,Not immigrant
6248,14,10,Not immigrant
6250,14,15,Not immigrant
6262,18,11.666668,Not immigrant
6264,16,22.5,Not immigrant
6268,10,5,Not immigrant
6269,14,22,Not immigrant
6276,20,10,Not immigrant
6291,16,17.5,Not immigrant
6293,14,18,Not immigrant
6303,18,11.666668,Not immigrant
6305,16,22.5,Not immigrant
6314,10,11.666668,Not immigrant
6327,14,10,Not immigrant
6331,18,13.333332,Not immigrant
6334,14,20,Not immigrant
6337,12,10,Not immigrant
6339,14,7.5,Not immigrant
6341,16,12.5,Not immigrant
6343,14,12.5,Not immigrant
6349,12,23.333332,Not immigrant
10006,20,20,Not immigrant
10035,10,0,Not immigrant
10054,12,20,Not immigrant
10055,12,12.5,Not immigrant
10066,14,20,Not immigrant
10079,14,23.333332,Not immigrant
10090,10,15,Not immigrant
10109,16,14.000001,Not immigrant
10120,14,21.666668,Not immigrant
10132,14,15.999999,Not immigrant
10193,20,20,Not immigrant
10217,20,12.5,Not immigrant
10223,12,10,Not immigrant
10224,16,20,Not immigrant
10226,14,7.5,Not immigrant
10255,16,15.999999,Not immigrant
10265,16,10,Not immigrant
10277,16,8.333334,Not immigrant
10283,20,16.666668,Not immigrant
10328,12,6,Not immigrant
10397,20,8.333334,Not immigrant
10402,12,10,Not immigrant
10419,14,13.333332,Not immigrant
10422,10,20,Not immigrant
10443,20,6.666666,Not immigrant
10464,14,2.5,Not immigrant
10466,16,12.5,Not immigrant
10483,14,6.666666,Not immigrant
10500,14,26.666668,Not immigrant
10535,14,23.333332,Not immigrant
10548,20,14.000001,Not immigrant
10557,14,10,Not immigrant
10563,16,7.9999995,Not immigrant
10582,14,12,Not immigrant
10604,12,13.333332,Not immigrant
10633,16,12,Not immigrant
10643,10,16.666668,Not immigrant
10644,20,18,Not immigrant
10680,16,10,Not immigrant
10685,16,10,Not immigrant
10689,20,6,Not immigrant
10697,20,23.333332,Not immigrant
10711,12,12,Not immigrant
10712,14,20,Not immigrant
10731,14,14.000001,Not immigrant
10735,14,10,Not immigrant
10738,10,6.666666,Not immigrant
10740,16,20,Not immigrant
10760,14,8.333334,Not immigrant
10764,10,2.0000005,Not immigrant
10775,16,15,Not immigrant
10789,12,6.666666,Not immigrant
10793,18,15,Not immigrant
10807,20,20,Not immigrant
10822,14,20,Not immigrant
10828,20,13.333332,Not immigrant
10829,14,20,Not immigrant
10851,20,30,Not immigrant
10867,16,6,Not immigrant
10879,12,6,Not immigrant
10880,14,23.333332,Not immigrant
10908,13,17.5,Not immigrant
10922,14,30,Not immigrant
10926,16,23.333332,Not immigrant
10939,20,15,Not immigrant
10944,14,15.999999,Not immigrant
10976,12,16.666668,Not immigrant
10988,14,2.5,Not immigrant
10989,16,15,Not immigrant
10992,12,6,Not immigrant
11017,16,5,Not immigrant
11039,14,17.5,Not immigrant
11041,20,14.000001,Not immigrant
11049,14,16.666668,Not immigrant
11051,20,12,Not immigrant
11081,18,20,Not immigrant
11116,10,7.9999995,Not immigrant
11123,14,10,Not immigrant
11179,16,7.9999995,Not immigrant
11226,10,20,Not immigrant
11236,16,1.6666663,Not immigrant
11240,20,6,Not immigrant
11269,16,23.333332,Not immigrant
11280,16,7.9999995,Not immigrant
11293,20,2.5,Not immigrant
11314,14,15.999999,Not immigrant
11324,16,14.000001,Not immigrant
11332,12,13.333332,Not immigrant
11341,18,18,Not immigrant
11343,20,10,Not immigrant
11358,14,7.5,Not immigrant
11361,13,16.666668,Not immigrant
11392,18,3.9999998,Not immigrant
11400,18,22.5,Not immigrant
11408,16,16.666668,Not immigrant
11415,16,18.333332,Not immigrant
11422,12,7.9999995,Not immigrant
11445,16,15.999999,Not immigrant
11448,20,20,Not immigrant
11449,12,14.000001,Not immigrant
11470,20,16.666668,Not immigrant
11475,14,13.333332,Not immigrant
11514,10,25,Not immigrant
11519,14,10,Not immigrant
11551,16,15,Not immigrant
11566,16,22.5,Not immigrant
11586,16,20,Not immigrant
11589,14,15,Not immigrant
11599,16,20,Not immigrant
11606,14,12,Not immigrant
11640,12,5,Not immigrant
11642,10,7.9999995,Not immigrant
11654,10,12.5,Not immigrant
11655,12,14.000001,Not immigrant
11657,18,18,Not immigrant
11677,14,6.666666,Not immigrant
11684,16,16.666668,Not immigrant
11690,20,23.333332,Not immigrant
11697,14,25,Not immigrant
11700,14,16.666668,Not immigrant
11726,20,14.000001,Not immigrant
11751,16,10,Not immigrant
11769,14,2.5,Not immigrant
11782,20,30,Not immigrant
11790,20,7.9999995,Not immigrant
11797,14,25,Not immigrant
11833,16,10,Not immigrant
11862,10,5,Not immigrant
11883,18,13.333332,Not immigrant
11891,14,23.333332,Not immigrant
11909,20,23.333332,Not immigrant
11912,16,10,Not immigrant
11916,16,26,Not immigrant
11925,14,15.999999,Not immigrant
11941,10,13.333332,Not immigrant
11944,14,15,Not immigrant
11963,14,15,Not immigrant
11989,12,5,Not immigrant
11991,20,12.5,Not immigrant
11993,20,10,Not immigrant
11995,12,0,Not immigrant
12030,20,17.5,Not immigrant
12038,14,17.5,Not immigrant
12085,16,20,Not immigrant
12090,20,20,Not immigrant
12098,14,16.666668,Not immigrant
12108,14,26.666668,Not immigrant
12140,20,10,Not immigrant
12146,16,22,Not immigrant
12148,16,14.000001,Not immigrant
12150,20,30,Not immigrant
12159,12,11.666668,Not immigrant
12166,14,17.5,Not immigrant
12205,14,2.5,Not immigrant
12220,20,25,Not immigrant
12248,20,20,Not immigrant
12268,18,12.5,Not immigrant
12271,18,17.5,Not immigrant
12310,16,5,Not immigrant
12323,14,10,Not immigrant
12331,14,12.5,Not immigrant
12383,20,13.333332,Not immigrant
12407,14,5,Not immigrant
12412,14,14.000001,Not immigrant
12421,20,15,Not immigrant
12427,13,13.333332,Not immigrant
12433,14,15.999999,Not immigrant
12437,12,17.5,Not immigrant
12438,13,2.0000005,Not immigrant
12450,20,17.5,Not immigrant
12459,16,16.666668,Not immigrant
12464,20,23.333332,Not immigrant
12470,14,15,Not immigrant
12477,20,23.333332,Not immigrant
12478,18,25,Not immigrant
12487,14,10,Not immigrant
12493,16,10,Not immigrant
12501,20,20,Not immigrant
12516,16,10,Not immigrant
12548,20,15,Not immigrant
12576,10,10,Not immigrant
12592,16,27.5,Not immigrant
12593,12,18,Not immigrant
12597,16,15.999999,Not immigrant
12601,14,10,Not immigrant
12607,20,20,Not immigrant
12614,10,7.5,Not immigrant
12622,20,18,Not immigrant
12626,16,23.333332,Not immigrant
12641,16,27.5,Not immigrant
12667,14,15,Not immigrant
12688,14,6.666666,Not immigrant
12691,20,17.5,Not immigrant
12699,16,10,Not immigrant
12707,10,14.000001,Not immigrant
12735,16,14.000001,Not immigrant
12743,14,20,Not immigrant
12776,14,17.5,Not immigrant
12780,14,22.5,Not immigrant
12796,12,16.666668,Not immigrant
12813,14,14.000001,Not immigrant
12815,16,17.5,Not immigrant
12831,20,15.999999,Not immigrant
12836,14,12,Not immigrant
12840,12,20,Not immigrant
12843,20,18,Not immigrant
12845,10,0,Not immigrant
12846,18,13.333332,Not immigrant
12848,16,3.3333337,Not immigrant
12859,12,6,Not immigrant
12864,16,12.5,Not immigrant
12882,13,16.666668,Not immigrant
12921,20,12,Not immigrant
12925,14,15,Not immigrant
12933,14,6,Not immigrant
12934,12,14.000001,Not immigrant
12953,20,18.333332,Not immigrant
12968,16,22.5,Not immigrant
12987,16,20,Not immigrant
12994,12,15,Not immigrant
13006,10,0,Not immigrant
13009,14,24,Not immigrant
13025,20,17.5,Not immigrant
13055,20,12,Not immigrant
13070,18,20,Not immigrant
13089,13,22.5,Not immigrant
13093,12,10,Not immigrant
13103,14,6.666666,Not immigrant
13105,12,18,Not immigrant
13117,14,23.333332,Not immigrant
13130,14,20,Not immigrant
13161,20,20,Not immigrant
13162,20,17.5,Not immigrant
13169,14,24,Not immigrant
13182,16,16.666668,Not immigrant
13183,20,18,Not immigrant
13208,14,8.333334,Not immigrant
13290,12,1.6666663,Not immigrant
13300,16,7.9999995,Not immigrant
13311,14,7.5,Not immigrant
13320,12,5,Not immigrant
13321,16,6.666666,Not immigrant
13331,12,20,Not immigrant
13352,16,18,Not immigrant
13381,16,18,Not immigrant
13422,16,20,Not immigrant
13431,14,10,Not immigrant
13433,14,7.9999995,Not immigrant
13464,12,12,Not immigrant
13481,16,14.000001,Not immigrant
13483,16,12,Not immigrant
13486,20,26.666668,Not immigrant
13491,20,25,Not immigrant
13494,14,30,Not immigrant
13521,16,22.5,Not immigrant
13540,14,13.333332,Not immigrant
13586,16,1.6666663,Not immigrant
13639,20,23.333332,Not immigrant
13649,14,13.333332,Not immigrant
13659,20,22.5,Not immigrant
13667,20,16.666668,Not immigrant
13680,20,24,Not immigrant
13681,12,12,Not immigrant
13715,16,14.000001,Not immigrant
13727,14,26.666668,Not immigrant
13731,16,20,Not immigrant
13749,14,20,Not immigrant
13750,20,6.666666,Not immigrant
13759,14,5,Not immigrant
13775,16,22.5,Not immigrant
13779,20,12.5,Not immigrant
13814,16,10,Not immigrant
13816,16,14.000001,Not immigrant
13827,16,10,Not immigrant
13841,12,2.5,Not immigrant
13867,14,12,Not immigrant
13870,14,15,Not immigrant
13873,20,15,Not immigrant
13903,16,6.666666,Not immigrant
13905,20,10,Not immigrant
13913,14,5,Not immigrant
13947,12,15,Not immigrant
13949,16,20,Not immigrant
13969,14,6,Not immigrant
13971,10,20,Not immigrant
13986,16,14.000001,Not immigrant
13989,16,15.999999,Not immigrant
14005,20,26.666668,Not immigrant
14023,14,10,Not immigrant
14026,13,0,Not immigrant
14030,12,17.5,Not immigrant
14042,10,0,Not immigrant
14058,14,5,Not immigrant
14064,16,2.0000005,Not immigrant
14068,12,17.5,Not immigrant
14069,14,15,Not immigrant
14073,12,10,Not immigrant
14075,14,16.666668,Not immigrant
14077,14,20,Not immigrant
14082,20,22,Not immigrant
14115,14,16.666668,Not immigrant
14126,18,14.000001,Not immigrant
14132,14,12,Not immigrant
14161,12,10,Not immigrant
14169,16,10,Not immigrant
14181,14,3.9999998,Not immigrant
14229,12,12,Not immigrant
14269,16,12,Not immigrant
14271,20,12,Not immigrant
14275,10,3.9999998,Not immigrant
14278,16,15,Not immigrant
14286,12,3.3333337,Not immigrant
14292,12,0,Not immigrant
14305,20,18,Not immigrant
14314,14,20,Not immigrant
14324,16,22.5,Not immigrant
14340,14,15,Not immigrant
14345,12,10,Not immigrant
14359,16,14.000001,Not immigrant
14360,10,7.5,Not immigrant
14372,16,20,Not immigrant
14381,20,17.5,Not immigrant
14387,14,15,Not immigrant
14389,16,20,Not immigrant
14399,20,20,Not immigrant
14404,12,10,Not immigrant
14459,10,5,Not immigrant
14467,20,14.000001,Not immigrant
14468,16,21.666668,Not immigrant
14530,12,5,Not immigrant
14558,12,3.9999998,Not immigrant
14563,20,20,Not immigrant
14566,18,22.5,Not immigrant
14578,14,26.666668,Not immigrant
14609,18,22.5,Not immigrant
14627,16,7.5,Not immigrant
14691,12,6,Not immigrant
14696,14,12,Not immigrant
14709,14,25,Not immigrant
14712,16,22,Not immigrant
14722,14,23.333332,Not immigrant
14727,18,18,Not immigrant
14779,20,15,Not immigrant
14781,12,15.999999,Not immigrant
14788,13,17.5,Not immigrant
14815,20,13.333332,Not immigrant
14818,20,20,Not immigrant
14823,20,14.000001,Not immigrant
14831,20,11.666668,Not immigrant
14836,16,15,Not immigrant
14837,14,12.5,Not immigrant
14867,10,2.5,Not immigrant
14894,20,20,Not immigrant
14903,14,12,Not immigrant
14907,20,20,Not immigrant
14916,14,2.0000005,Not immigrant
14927,12,12.5,Not immigrant
14932,20,15,Not immigrant
14935,20,7.9999995,Not immigrant
14949,16,22.5,Not immigrant
14959,20,7.5,Not immigrant
15013,20,17.5,Not immigrant
15033,16,15,Not immigrant
15044,20,10,Not immigrant
15051,14,23.333332,Not immigrant
15055,16,15.999999,Not immigrant
15058,16,13.333332,Not immigrant
15078,16,8.333334,Not immigrant
15104,13,7.5,Not immigrant
15117,10,12,Not immigrant
15121,12,10,Not immigrant
15126,16,1.6666663,Not immigrant
15181,16,15,Not immigrant
15195,20,17.5,Not immigrant
15197,16,15.999999,Not immigrant
15202,16,12.5,Not immigrant
15211,20,20,Not immigrant
15220,16,12.5,Not immigrant
15230,14,5,Not immigrant
15234,16,12.5,Not immigrant
15275,18,12.5,Not immigrant
15277,20,16.666668,Not immigrant
15287,20,22.5,Not immigrant
15300,20,17.5,Not immigrant
15345,14,14.000001,Not immigrant
15362,14,14.000001,Not immigrant
15383,20,18,Not immigrant
15386,12,13.333332,Not immigrant
15401,16,10,Not immigrant
15408,20,22.5,Not immigrant
15429,10,10,Not immigrant
15445,12,6,Not immigrant
15454,20,12.5,Not immigrant
15458,13,15,Not immigrant
15484,12,7.9999995,Not immigrant
15499,14,22,Not immigrant
15523,14,22.5,Not immigrant
15526,13,6.666666,Not immigrant
15528,16,20,Not immigrant
15530,14,12,Not immigrant
15539,14,22.5,Not immigrant
15546,20,17.5,Not immigrant
15564,16,22.5,Not immigrant
15568,12,17.5,Not immigrant
15589,10,12.5,Not immigrant
15595,14,14.000001,Not immigrant
15640,20,12.5,Not immigrant
15644,14,12.5,Not immigrant
15653,14,20,Not immigrant
15658,14,22.5,Not immigrant
15664,13,13.333332,Not immigrant
15708,14,17.5,Not immigrant
15715,14,10,Not immigrant
15726,14,12,Not immigrant
15754,10,5,Not immigrant
15778,10,12.5,Not immigrant
15788,14,17.5,Not immigrant
15796,20,10,Not immigrant
15811,20,17.5,Not immigrant
15842,14,15.999999,Not immigrant
15858,16,10,Not immigrant
15860,14,7.9999995,Not immigrant
15865,16,20,Not immigrant
15876,16,11.666668,Not immigrant
15888,16,30,Not immigrant
15889,16,12,Not immigrant
15905,20,30,Not immigrant
15907,18,20,Not immigrant
15910,20,17.5,Not immigrant
15919,14,15,Not immigrant
15927,16,23.333332,Not immigrant
15945,18,23.333332,Not immigrant
15959,20,10,Not immigrant
15962,12,23.333332,Not immigrant
15995,16,3.9999998,Not immigrant
16008,20,17.5,Not immigrant
16009,14,8.333334,Not immigrant
16025,12,10,Not immigrant
16038,14,17.5,Not immigrant
16073,13,18,Not immigrant
16074,14,20,Not immigrant
16075,12,11.666668,Not immigrant
16084,16,15,Not immigrant
16094,14,5,Not immigrant
16099,14,15,Not immigrant
16109,20,14.000001,Not immigrant
16110,20,23.333332,Not immigrant
16124,20,17.5,Not immigrant
16152,16,6,Not immigrant
16173,14,20,Not immigrant
16175,20,12.5,Not immigrant
16176,13,14.000001,Not immigrant
16184,16,26.666668,Not immigrant
16213,14,12,Not immigrant
16216,20,26.666668,Not immigrant
16218,20,10,Not immigrant
16219,14,20,Not immigrant
16223,16,25,Not immigrant
16248,14,22,Not immigrant
16251,16,15.999999,Not immigrant
16259,14,0,Not immigrant
16264,12,6.666666,Not immigrant
16277,14,10,Not immigrant
16311,14,12,Not immigrant
16312,12,20,Not immigrant
16316,20,10,Not immigrant
16320,20,15,Not immigrant
16324,16,18,Not immigrant
16328,12,15,Not immigrant
16338,10,2.5,Not immigrant
16360,12,15,Not immigrant
16383,16,23.333332,Not immigrant
16384,16,20,Not immigrant
16386,10,5,Not immigrant
16394,14,28,Not immigrant
16418,16,17.5,Not immigrant
16428,12,15,Not immigrant
16433,14,23.333332,Not immigrant
16436,20,12,Not immigrant
16443,18,15.999999,Not immigrant
16447,14,15.999999,Not immigrant
16452,12,18,Not immigrant
16490,14,10,Not immigrant
16530,14,22,Not immigrant
16559,20,14.000001,Not immigrant
16568,16,22,Not immigrant
16583,20,20,Not immigrant
16626,12,20,Not immigrant
16627,20,12.5,Not immigrant
16659,12,0,Not immigrant
16690,20,14.000001,Not immigrant
16740,16,3.9999998,Not immigrant
16765,16,11.666668,Not immigrant
16768,12,5,Not immigrant
16770,14,12.5,Not immigrant
16771,16,10,Not immigrant
16773,16,18,Not immigrant
16778,16,3.3333337,Not immigrant
16780,13,12,Not immigrant
16784,12,10,Not immigrant
16803,14,22,Not immigrant
16806,20,12.5,Not immigrant
16815,14,15,Not immigrant
16823,20,13.333332,Not immigrant
16837,10,7.5,Not immigrant
16884,14,18,Not immigrant
16893,20,30,Not immigrant
16901,14,0,Not immigrant
16906,16,20,Not immigrant
16909,16,7.5,Not immigrant
16917,14,10,Not immigrant
16932,14,14.000001,Not immigrant
16955,14,15,Not immigrant
16962,20,20,Not immigrant
16971,16,5,Not immigrant
17012,14,12,Not immigrant
17015,12,13.333332,Not immigrant
17022,14,3.9999998,Not immigrant
17033,10,16.666668,Not immigrant
17041,13,5,Not immigrant
17049,14,15,Not immigrant
17051,12,13.333332,Not immigrant
17056,20,20,Not immigrant
17069,16,12,Not immigrant
17081,20,10,Not immigrant
17083,14,7.9999995,Not immigrant
17099,12,10,Not immigrant
17104,13,12,Not immigrant
17124,12,12,Not immigrant
17143,14,13.333332,Not immigrant
17146,14,15.999999,Not immigrant
17175,16,17.5,Not immigrant
17188,12,7.5,Not immigrant
17215,12,13.333332,Not immigrant
17230,14,10,Not immigrant
17231,14,14.000001,Not immigrant
17237,12,25,Not immigrant
17239,16,10,Not immigrant
17246,16,10,Not immigrant
17259,16,22,Not immigrant
17266,20,22.5,Not immigrant
17284,14,20,Not immigrant
17293,20,14.000001,Not immigrant
17296,16,10,Not immigrant
17308,16,3.9999998,Not immigrant
17314,14,7.5,Not immigrant
17319,14,14.000001,Not immigrant
17321,16,13.333332,Not immigrant
17360,20,10,Not immigrant
17381,16,14.000001,Not immigrant
17386,12,7.9999995,Not immigrant
17388,12,16.666668,Not immigrant
17389,16,15.999999,Not immigrant
17419,16,16.666668,Not immigrant
17425,16,11.666668,Not immigrant
17437,14,0,Not immigrant
17457,20,13.333332,Not immigrant
17459,12,15,Not immigrant
17461,16,14.000001,Not immigrant
17466,14,2.0000005,Not immigrant
17467,20,15,Not immigrant
17474,13,6,Not immigrant
17481,14,27.5,Not immigrant
17495,16,12.5,Not immigrant
17522,12,20,Not immigrant
17523,14,12.5,Not immigrant
17525,14,27.5,Not immigrant
17532,12,5,Not immigrant
17550,14,10,Not immigrant
17551,12,10,Not immigrant
17568,14,13.333332,Not immigrant
17583,14,0,Not immigrant
17601,14,10,Not immigrant
17620,20,10,Not immigrant
17628,16,5,Not immigrant
17635,12,15,Not immigrant
17649,16,15,Not immigrant
17655,14,17.5,Not immigrant
17663,12,10,Not immigrant
17688,14,15.999999,Not immigrant
17690,14,15,Not immigrant
17698,14,10,Not immigrant
17699,20,14.000001,Not immigrant
17710,20,15,Not immigrant
17740,10,16.666668,Not immigrant
17746,14,10,Not immigrant
17757,14,30,Not immigrant
17760,20,12.5,Not immigrant
17778,14,14.000001,Not immigrant
17785,12,13.333332,Not immigrant
17787,13,15,Not immigrant
17800,12,12.5,Not immigrant
17813,14,10,Not immigrant
17814,14,6.666666,Not immigrant
17815,14,17.5,Not immigrant
17840,18,23.333332,Not immigrant
17848,12,13.333332,Not immigrant
17859,12,7.9999995,Not immigrant
17882,14,20,Not immigrant
17894,14,15,Not immigrant
17898,14,1.6666663,Not immigrant
17939,10,2.0000005,Not immigrant
17943,10,3.3333337,Not immigrant
17947,16,10,Not immigrant
17951,16,7.9999995,Not immigrant
17952,14,16.666668,Not immigrant
17962,16,15,Not immigrant
17970,14,5,Not immigrant
17979,12,2.0000005,Not immigrant
17986,20,25,Not immigrant
17992,20,15.999999,Not immigrant
20017,16,12,Not immigrant
20018,16,18,Not immigrant
20045,20,20,Not immigrant
20047,20,14.000001,Not immigrant
20050,12,15,Not immigrant
20066,20,18,Not immigrant
20070,12,6,Not immigrant
20074,12,7.9999995,Not immigrant
20080,10,7.9999995,Not immigrant
20089,16,8.333334,Not immigrant
20104,16,12,Not immigrant
20128,20,11.666668,Not immigrant
20138,20,17.5,Not immigrant
20148,16,12,Not immigrant
20155,20,20,Not immigrant
20160,10,2.5,Not immigrant
20175,12,14.000001,Not immigrant
20182,14,10,Not immigrant
20189,18,20,Not immigrant
20193,16,14.000001,Not immigrant
20194,10,0,Not immigrant
20236,16,3.9999998,Not immigrant
20237,12,16.666668,Not immigrant
20247,14,30,Not immigrant
20249,14,7.5,Not immigrant
20252,14,12,Not immigrant
20270,12,11.666668,Not immigrant
20329,14,26.666668,Not immigrant
20332,12,12,Not immigrant
20370,20,12,Not immigrant
20377,20,18,Not immigrant
20381,12,16.666668,Not immigrant
20413,10,13.333332,Not immigrant
20429,20,30,Not immigrant
20431,20,13.333332,Not immigrant
20455,20,16.666668,Not immigrant
20457,20,12,Not immigrant
20458,18,3.3333337,Not immigrant
20506,12,17.5,Not immigrant
20518,12,6.666666,Not immigrant
20569,14,12,Not immigrant
20574,18,22.5,Not immigrant
20587,16,24,Not immigrant
20622,12,8.333334,Not immigrant
20624,12,13.333332,Not immigrant
20632,20,16.666668,Not immigrant
20673,14,30,Not immigrant
20676,14,12,Not immigrant
20686,16,12,Not immigrant
20701,16,12.5,Not immigrant
20726,20,25,Not immigrant
20747,20,14.000001,Not immigrant
20756,20,17.5,Not immigrant
20778,14,14.000001,Not immigrant
20789,20,23.333332,Not immigrant
20818,16,20,Not immigrant
20855,14,20,Not immigrant
20858,16,12.5,Not immigrant
20862,20,26.666668,Not immigrant
20875,12,13.333332,Not immigrant
20904,12,15.999999,Not immigrant
20911,20,10,Not immigrant
20912,18,12.5,Not immigrant
20933,16,3.9999998,Not immigrant
20947,16,20,Not immigrant
20958,12,10,Not immigrant
20964,14,6,Not immigrant
20985,20,15.999999,Not immigrant
21005,10,5,Not immigrant
21027,14,12,Not immigrant
21042,14,12,Not immigrant
21061,16,17.5,Not immigrant
21064,12,7.5,Not immigrant
21075,16,10,Not immigrant
21086,18,13.333332,Not immigrant
21119,14,15,Not immigrant
21136,16,17.5,Not immigrant
21162,20,22.5,Not immigrant
21179,14,0,Not immigrant
21210,14,20,Not immigrant
21217,16,14.000001,Not immigrant
21220,16,7.9999995,Not immigrant
21249,14,12.5,Not immigrant
21253,16,26.666668,Not immigrant
21254,12,0,Not immigrant
21258,16,15.999999,Not immigrant
21263,12,15.999999,Not immigrant
21267,18,23.333332,Not immigrant
21276,14,11.666668,Not immigrant
21282,14,8.333334,Not immigrant
21283,16,17.5,Not immigrant
21293,14,30,Not immigrant
21294,12,10,Not immigrant
21296,18,15,Not immigrant
21306,18,12.5,Not immigrant
21331,20,12,Not immigrant
21340,16,12.5,Not immigrant
21341,16,10,Not immigrant
21358,14,17.5,Not immigrant
21372,20,18,Not immigrant
21403,14,17.5,Not immigrant
21414,12,12.5,Not immigrant
21416,14,8.333334,Not immigrant
21420,16,15.999999,Not immigrant
21428,12,5,Not immigrant
21458,14,15,Not immigrant
21478,18,16.666668,Not immigrant
21481,16,13.333332,Not immigrant
21482,18,15,Not immigrant
21486,14,11.666668,Not immigrant
21495,12,15,Not immigrant
21528,13,13.333332,Not immigrant
21544,14,15,Not immigrant
21548,14,12,Not immigrant
21549,14,20,Not immigrant
21552,20,20,Not immigrant
21555,16,3.3333337,Not immigrant
21586,14,17.5,Not immigrant
21590,12,7.9999995,Not immigrant
21592,12,0,Not immigrant
21596,12,5,Not immigrant
21610,14,6.666666,Not immigrant
21613,14,12,Not immigrant
21634,16,10,Not immigrant
21639,20,10,Not immigrant
21640,16,15.999999,Not immigrant
21673,10,0,Not immigrant
21679,16,3.9999998,Not immigrant
21682,14,20,Not immigrant
21683,14,17.5,Not immigrant
21691,14,10,Not immigrant
21692,14,5,Not immigrant
21696,10,3.3333337,Not immigrant
21701,20,10,Not immigrant
21712,14,16.666668,Not immigrant
21728,16,22.5,Not immigrant
21737,12,12.5,Not immigrant
21740,20,20,Not immigrant
21749,10,12,Not immigrant
21757,20,17.5,Not immigrant
21764,20,17.5,Not immigrant
21807,18,12.5,Not immigrant
21825,10,7.5,Not immigrant
21831,10,5,Not immigrant
21839,16,6.666666,Not immigrant
21852,12,7.5,Not immigrant
21861,14,15,Not immigrant
21864,13,6.666666,Not immigrant
21931,12,22.5,Not immigrant
21946,20,10,Not immigrant
21963,12,0,Not immigrant
21971,16,6.666666,Not immigrant
21972,14,6.666666,Not immigrant
21977,16,5,Not immigrant
21984,14,7.9999995,Not immigrant
21985,20,0,Not immigrant
21988,12,3.9999998,Not immigrant
22000,20,14.000001,Not immigrant
22006,18,18,Not immigrant
22010,16,15,Not immigrant
22012,18,17.5,Not immigrant
22066,14,3.9999998,Not immigrant
22077,18,15.999999,Not immigrant
22095,10,5,Not immigrant
22121,20,18,Not immigrant
22122,20,15.999999,Not immigrant
22123,13,15,Not immigrant
22124,12,15,Not immigrant
22149,20,23.333332,Not immigrant
22151,16,30,Not immigrant
22165,16,20,Not immigrant
22169,12,10,Not immigrant
22174,12,23.333332,Not immigrant
22211,20,20,Not immigrant
22243,20,20,Not immigrant
22249,14,10,Not immigrant
22256,16,15,Not immigrant
22257,12,2.5,Not immigrant
22261,14,2.5,Not immigrant
22274,16,15,Not immigrant
22284,16,17.5,Not immigrant
22299,16,11.666668,Not immigrant
22313,14,12,Not immigrant
22333,14,6,Not immigrant
22362,18,13.333332,Not immigrant
22377,20,30,Not immigrant
22394,12,26.666668,Not immigrant
22399,20,18,Not immigrant
22406,14,12,Not immigrant
22409,20,18,Not immigrant
22419,14,10,Not immigrant
22422,20,13.333332,Not immigrant
22456,14,12.5,Not immigrant
22472,20,12.5,Not immigrant
22473,16,20,Not immigrant
22492,20,15,Not immigrant
22494,20,8.333334,Not immigrant
22497,13,11.666668,Not immigrant
22524,12,5,Not immigrant
22530,18,22,Not immigrant
22558,20,23.333332,Not immigrant
22565,14,0,Not immigrant
22603,10,10,Not immigrant
22616,16,6.666666,Not immigrant
22621,20,15.999999,Not immigrant
22623,12,20,Not immigrant
22630,14,18,Not immigrant
22637,12,12.5,Not immigrant
22650,14,20,Not immigrant
22675,12,12.5,Not immigrant
22688,16,12.5,Not immigrant
22704,16,17.5,Not immigrant
22718,16,10,Not immigrant
22743,12,11.666668,Not immigrant
22749,10,15,Not immigrant
22761,16,15,Not immigrant
22770,14,22.5,Not immigrant
22775,14,16.666668,Not immigrant
22783,10,3.3333337,Not immigrant
22799,14,18,Not immigrant
22800,14,2.0000005,Not immigrant
22811,12,3.9999998,Not immigrant
22822,14,2.5,Not immigrant
22830,20,14.000001,Not immigrant
22832,20,15,Not immigrant
22833,14,16.666668,Not immigrant
22841,12,15,Not immigrant
22846,16,12.5,Not immigrant
22871,14,7.5,Not immigrant
22916,14,23.333332,Not immigrant
22939,14,15.999999,Not immigrant
22959,20,15.999999,Not immigrant
22967,16,11.666668,Not immigrant
22968,14,20,Not immigrant
22974,16,23.333332,Not immigrant
22976,12,13.333332,Not immigrant
22979,14,15.999999,Not immigrant
22989,12,10,Not immigrant
23012,20,15,Not immigrant
23023,14,7.9999995,Not immigrant
23037,16,7.9999995,Not immigrant
23047,14,18,Not immigrant
23060,12,5,Not immigrant
23065,16,7.5,Not immigrant
23067,16,14.000001,Not immigrant
23068,12,12.5,Not immigrant
23088,16,18,Not immigrant
23089,10,7.5,Not immigrant
23091,12,10,Not immigrant
23095,14,2.0000005,Not immigrant
23104,12,15,Not immigrant
23115,14,23.333332,Not immigrant
23117,14,3.3333337,Not immigrant
23149,13,22.5,Not immigrant
23163,10,7.5,Not immigrant
23174,10,15,Not immigrant
23186,18,14.000001,Not immigrant
23188,10,17.5,Not immigrant
23205,16,20,Not immigrant
23206,14,5,Not immigrant
23220,14,17.5,Not immigrant
23272,16,10,Not immigrant
23274,14,12.5,Not immigrant
23276,16,20,Not immigrant
23280,13,10,Not immigrant
23283,14,3.9999998,Not immigrant
23290,14,11.666668,Not immigrant
23310,12,22.5,Not immigrant
23313,20,30,Not immigrant
23314,16,23.333332,Not immigrant
23320,14,12,Not immigrant
23326,20,21.666668,Not immigrant
23367,20,22.5,Not immigrant
23370,16,5,Not immigrant
23377,20,10,Not immigrant
23397,20,17.5,Not immigrant
23404,16,7.5,Not immigrant
23408,12,3.3333337,Not immigrant
23414,20,20,Not immigrant
23420,14,17.5,Not immigrant
23430,14,7.9999995,Not immigrant
23431,20,20,Not immigrant
23438,16,6,Not immigrant
23463,14,17.5,Not immigrant
23473,16,20,Not immigrant
23496,20,20,Not immigrant
23508,12,5,Not immigrant
23513,12,2.5,Not immigrant
23525,20,20,Not immigrant
23535,20,25,Not immigrant
23558,20,17.5,Not immigrant
23586,20,22.5,Not immigrant
23597,16,12,Not immigrant
23610,20,15.999999,Not immigrant
23682,12,7.5,Not immigrant
23685,16,16.666668,Not immigrant
23687,20,28,Not immigrant
23704,14,15,Not immigrant
23706,14,10,Not immigrant
23713,12,12.5,Not immigrant
23732,14,14.000001,Not immigrant
23735,20,22,Not immigrant
23757,12,7.5,Not immigrant
23797,20,20,Not immigrant
23821,12,8.333334,Not immigrant
23823,14,7.9999995,Not immigrant
23827,14,12.5,Not immigrant
23854,16,20,Not immigrant
23862,20,12,Not immigrant
23969,20,17.5,Not immigrant
23976,16,12,Not immigrant
23977,20,15.999999,Not immigrant
23980,12,7.9999995,Not immigrant
24003,20,22.5,Not immigrant
24014,18,15,Not immigrant
24016,16,12,Not immigrant
24042,14,12,Not immigrant
24054,16,7.9999995,Not immigrant
24077,10,0,Not immigrant
24084,14,17.5,Not immigrant
24128,14,23.333332,Not immigrant
24149,20,26.666668,Not immigrant
24155,12,7.5,Not immigrant
24177,20,20,Not immigrant
24201,10,10,Not immigrant
24246,20,20,Not immigrant
24263,16,17.5,Not immigrant
24285,12,22,Not immigrant
24293,14,5,Not immigrant
24298,14,10,Not immigrant
24322,20,15,Not immigrant
24334,20,10,Not immigrant
24339,16,12,Not immigrant
24356,14,12.5,Not immigrant
24361,13,15.999999,Not immigrant
24364,16,8.333334,Not immigrant
24371,13,10,Not immigrant
24382,14,3.3333337,Not immigrant
24397,20,11.666668,Not immigrant
24398,13,15,Not immigrant
24406,14,11.666668,Not immigrant
24408,16,20,Not immigrant
24410,14,6,Not immigrant
24411,14,14.000001,Not immigrant
24419,20,20,Not immigrant
24422,14,7.9999995,Not immigrant
24425,14,15,Not immigrant
24447,16,23.333332,Not immigrant
24449,14,11.666668,Not immigrant
24460,16,23.333332,Not immigrant
24485,20,22,Not immigrant
24486,14,7.9999995,Not immigrant
24497,16,14.000001,Not immigrant
24503,14,17.5,Not immigrant
24504,14,7.5,Not immigrant
24513,14,23.333332,Not immigrant
24515,12,20,Not immigrant
24525,14,3.3333337,Not immigrant
24580,12,10,Not immigrant
24605,12,7.5,Not immigrant
24613,16,15.999999,Not immigrant
24630,20,20,Not immigrant
24679,14,10,Not immigrant
24681,20,16.666668,Not immigrant
24687,16,17.5,Not immigrant
24693,16,15,Not immigrant
24712,14,6,Not immigrant
24716,14,17.5,Not immigrant
24717,16,12,Not immigrant
24735,14,6,Not immigrant
24751,14,12,Not immigrant
24761,14,12.5,Not immigrant
24766,14,28,Not immigrant
24787,12,12,Not immigrant
24794,12,0,Not immigrant
24841,20,8.333334,Not immigrant
24845,14,7.9999995,Not immigrant
24883,12,25,Not immigrant
24884,14,14.000001,Not immigrant
24889,12,18,Not immigrant
24899,14,22.5,Not immigrant
24944,10,15,Not immigrant
24947,16,20,Not immigrant
24952,14,15,Not immigrant
24956,18,10,Not immigrant
24968,18,12,Not immigrant
24972,16,13.333332,Not immigrant
24976,12,17.5,Not immigrant
24980,20,25,Not immigrant
24986,20,17.5,Not immigrant
24992,20,15,Not immigrant
24993,20,11.666668,Not immigrant
24995,16,15,Not immigrant
24998,20,15,Not immigrant
25012,10,0,Not immigrant
25017,14,12.5,Not immigrant
25033,18,26,Not immigrant
25035,20,12.5,Not immigrant
25059,14,10,Not immigrant
25060,12,7.5,Not immigrant
25075,14,7.5,Not immigrant
25098,16,15,Not immigrant
25114,16,13.333332,Not immigrant
25128,10,5,Not immigrant
25163,16,15.999999,Not immigrant
25196,20,15.999999,Not immigrant
25203,20,20,Not immigrant
25218,14,14.000001,Not immigrant
25221,16,20,Not immigrant
25225,16,13.333332,Not immigrant
25238,20,15.999999,Not immigrant
25292,20,20,Not immigrant
25296,20,15,Not immigrant
25328,20,17.5,Not immigrant
25377,14,15,Not immigrant
25389,20,16.666668,Not immigrant
25437,16,10,Not immigrant
25438,20,22,Not immigrant
25448,20,15,Not immigrant
25499,20,20,Not immigrant
25527,16,12.5,Not immigrant
25537,20,15.999999,Not immigrant
25548,14,10,Not immigrant
25562,18,12.5,Not immigrant
25569,16,12.5,Not immigrant
25587,18,11.666668,Not immigrant
25590,20,20,Not immigrant
25607,16,0,Not immigrant
25611,20,7.5,Not immigrant
25641,20,20,Not immigrant
25662,18,10,Not immigrant
25670,18,23.333332,Not immigrant
25681,14,15,Not immigrant
25708,16,0,Not immigrant
25715,14,15,Not immigrant
25722,12,12,Not immigrant
25725,12,25,Not immigrant
25759,12,17.5,Not immigrant
25765,20,20,Not immigrant
25818,14,12.5,Not immigrant
25835,12,12,Not immigrant
25853,14,30,Not immigrant
25876,10,0,Not immigrant
25882,14,12,Not immigrant
25898,20,10,Not immigrant
25908,16,14.000001,Not immigrant
25909,16,6,Not immigrant
25939,12,12.5,Not immigrant
25952,20,13.333332,Not immigrant
25958,12,18,Not immigrant
25960,12,7.5,Not immigrant
25972,12,6,Not immigrant
25974,12,30,Not immigrant
25977,14,15.999999,Not immigrant
25981,12,12.5,Not immigrant
25989,16,18,Not immigrant
25991,14,10,Not immigrant
26011,14,13.333332,Not immigrant
26015,12,12,Not immigrant
26050,16,17.5,Not immigrant
26057,14,27.5,Not immigrant
26065,14,7.9999995,Not immigrant
26079,14,20,Not immigrant
26083,12,15,Not immigrant
26087,14,10,Not immigrant
26098,16,5,Not immigrant
26107,14,15.999999,Not immigrant
26116,20,26.666668,Not immigrant
26121,14,12,Not immigrant
26124,12,7.9999995,Not immigrant
26139,10,6,Not immigrant
26141,14,17.5,Not immigrant
26145,20,15.999999,Not immigrant
26147,16,14.000001,Not immigrant
26149,14,18,Not immigrant
26160,12,7.5,Not immigrant
26167,14,18,Not immigrant
26170,14,15,Not immigrant
26186,16,10,Not immigrant
26191,18,16.666668,Not immigrant
26201,12,15.999999,Not immigrant
26211,20,6.666666,Not immigrant
26223,20,28,Not immigrant
26250,12,12,Not immigrant
26254,20,25,Not immigrant
26262,20,2.5,Not immigrant
26278,14,23.333332,Not immigrant
26285,20,22.5,Not immigrant
26301,10,3.3333337,Not immigrant
26304,16,0,Not immigrant
26322,18,22.5,Not immigrant
26331,14,17.5,Not immigrant
26348,14,6,Not immigrant
26372,16,18,Not immigrant
26378,20,7.9999995,Not immigrant
26386,13,13.333332,Not immigrant
26394,14,15,Not immigrant
26397,20,17.5,Not immigrant
26403,16,16.666668,Not immigrant
26407,20,15.999999,Not immigrant
26409,14,16.666668,Not immigrant
26411,14,30,Not immigrant
26427,20,7.5,Not immigrant
26448,20,15,Not immigrant
26486,20,22.5,Not immigrant
26491,14,15,Not immigrant
26518,12,2.5,Not immigrant
26525,20,23.333332,Not immigrant
26531,18,20,Not immigrant
26538,14,5,Not immigrant
26555,16,15.999999,Not immigrant
26566,14,12.5,Not immigrant
26569,16,20,Not immigrant
26573,16,18,Not immigrant
26589,10,7.9999995,Not immigrant
26590,18,28,Not immigrant
26591,20,14.000001,Not immigrant
26601,14,17.5,Not immigrant
26605,16,8.333334,Not immigrant
26607,10,12.5,Not immigrant
26611,14,13.333332,Not immigrant
26627,12,15.999999,Not immigrant
26640,16,5,Not immigrant
30008,14,10,Not immigrant
30014,10,10,Not immigrant
30034,14,15,Not immigrant
30038,14,2.0000005,Not immigrant
30045,20,3.9999998,Not immigrant
30046,12,15,Not immigrant
30057,20,20,Not immigrant
30071,12,0,Not immigrant
30075,16,12,Not immigrant
30085,10,0,Not immigrant
30090,20,10,Not immigrant
30105,16,11.666668,Not immigrant
30112,16,3.9999998,Not immigrant
30122,12,6.666666,Not immigrant
30140,10,12.5,Not immigrant
30154,14,18,Not immigrant
30166,14,12.5,Not immigrant
30167,12,12.5,Not immigrant
30173,20,12.5,Not immigrant
30176,12,3.9999998,Not immigrant
30187,14,0,Not immigrant
30197,20,22.5,Not immigrant
30198,10,5,Not immigrant
30212,16,12,Not immigrant
30216,10,10,Not immigrant
30227,18,10,Not immigrant
30240,14,15.999999,Not immigrant
30253,14,10,Not immigrant
30254,18,10,Not immigrant
30265,14,5,Not immigrant
30266,12,5,Not immigrant
30295,14,6.666666,Not immigrant
30296,12,2.0000005,Not immigrant
30317,14,18,Not immigrant
30326,14,15,Not immigrant
30329,20,15.999999,Not immigrant
30338,10,15,Not immigrant
30340,14,10,Not immigrant
30343,20,17.5,Not immigrant
30346,14,2.0000005,Not immigrant
30368,12,2.5,Not immigrant
30393,20,13.333332,Not immigrant
30403,10,15,Not immigrant
30444,20,16.666668,Not immigrant
30446,12,5,Not immigrant
30453,14,14.000001,Not immigrant
30458,20,16.666668,Not immigrant
30480,16,25,Not immigrant
30483,10,3.3333337,Not immigrant
30486,14,20,Not immigrant
30502,20,20,Not immigrant
30507,14,15,Not immigrant
30510,14,12,Not immigrant
30528,10,5,Not immigrant
30539,10,3.3333337,Not immigrant
30561,14,15,Not immigrant
30586,16,6.666666,Not immigrant
30598,14,15,Not immigrant
30625,14,20,Not immigrant
30627,14,18,Not immigrant
30637,18,7.5,Not immigrant
30638,13,0,Not immigrant
30676,16,12,Not immigrant
30680,12,10,Not immigrant
30682,16,15,Not immigrant
30714,16,12.5,Not immigrant
30719,14,20,Not immigrant
30735,12,6,Not immigrant
30798,20,11.666668,Not immigrant
30800,13,17.5,Not immigrant
30811,16,14.000001,Not immigrant
30823,14,10,Not immigrant
30830,14,7.9999995,Not immigrant
30839,12,3.9999998,Not immigrant
30847,12,12.5,Not immigrant
30863,10,10,Not immigrant
30864,14,10,Not immigrant
30877,20,12,Not immigrant
30889,20,15,Not immigrant
30892,14,12.5,Not immigrant
30900,14,20,Not immigrant
30901,10,10,Not immigrant
30902,12,12,Not immigrant
30906,10,5,Not immigrant
30919,16,0,Not immigrant
30929,14,6.666666,Not immigrant
30936,14,18,Not immigrant
30939,14,12.5,Not immigrant
30942,14,14.000001,Not immigrant
30953,14,17.5,Not immigrant
30955,14,12.5,Not immigrant
30971,12,6.666666,Not immigrant
30981,10,2.0000005,Not immigrant
30984,14,10,Not immigrant
31004,14,3.3333337,Not immigrant
31022,16,8.333334,Not immigrant
31039,14,12,Not immigrant
31050,18,10,Not immigrant
31055,10,10,Not immigrant
31065,20,14.000001,Not immigrant
31067,14,15.999999,Not immigrant
31071,20,13.333332,Not immigrant
31075,14,12.5,Not immigrant
31076,10,15.999999,Not immigrant
31085,14,15,Not immigrant
31101,16,27.5,Not immigrant
31122,20,23.333332,Not immigrant
31125,12,3.9999998,Not immigrant
31147,14,23.333332,Not immigrant
31152,12,20,Not immigrant
31195,14,13.333332,Not immigrant
31203,20,13.333332,Not immigrant
31225,12,10,Not immigrant
31236,14,2.5,Not immigrant
31237,12,0,Not immigrant
31260,10,14.000001,Not immigrant
31284,14,25,Not immigrant
31285,20,5,Not immigrant
31339,12,22.5,Not immigrant
31346,18,17.5,Not immigrant
31370,16,13.333332,Not immigrant
31371,20,23.333332,Not immigrant
31373,16,13.333332,Not immigrant
31381,10,7.5,Not immigrant
31420,16,5,Not immigrant
31422,10,10,Not immigrant
31423,14,2.0000005,Not immigrant
31425,10,25,Not immigrant
31433,12,15,Not immigrant
31434,16,17.5,Not immigrant
31437,10,0,Not immigrant
31473,12,15,Not immigrant
31475,14,15,Not immigrant
31487,12,2.0000005,Not immigrant
31488,16,7.9999995,Not immigrant
31517,14,17.5,Not immigrant
31526,12,8.333334,Not immigrant
31545,16,26.666668,Not immigrant
31559,20,20,Not immigrant
31560,16,14.000001,Not immigrant
31570,14,12,Not immigrant
31579,16,3.3333337,Not immigrant
31589,12,16.666668,Not immigrant
31625,10,6,Not immigrant
31634,20,16.666668,Not immigrant
31661,10,7.9999995,Not immigrant
31662,12,2.0000005,Not immigrant
31669,16,22,Not immigrant
31688,12,10,Not immigrant
31699,12,6,Not immigrant
31714,14,3.9999998,Not immigrant
31723,18,10,Not immigrant
31746,14,10,Not immigrant
31764,10,6,Not immigrant
31768,14,13.333332,Not immigrant
31769,10,2.0000005,Not immigrant
31774,14,12,Not immigrant
31780,12,20,Not immigrant
31789,20,7.9999995,Not immigrant
31791,14,14.000001,Not immigrant
31795,14,3.3333337,Not immigrant
31821,16,10,Not immigrant
31846,14,25,Not immigrant
31870,20,15,Not immigrant
31880,14,17.5,Not immigrant
31894,10,5,Not immigrant
31895,12,13.333332,Not immigrant
31905,12,3.9999998,Not immigrant
31909,12,7.5,Not immigrant
31924,14,0,Not immigrant
31940,14,20,Not immigrant
31964,12,6.666666,Not immigrant
31965,12,7.5,Not immigrant
31969,14,10,Not immigrant
31991,10,5,Not immigrant
31999,12,15,Not immigrant
32008,18,12,Not immigrant
32016,16,15.999999,Not immigrant
32027,12,12.5,Not immigrant
32028,14,10,Not immigrant
32037,20,17.5,Not immigrant
32059,14,12,Not immigrant
32065,16,20,Not immigrant
32076,14,3.3333337,Not immigrant
32078,20,12,Not immigrant
32115,20,0,Not immigrant
32121,14,16.666668,Not immigrant
32125,12,10,Not immigrant
32139,12,7.9999995,Not immigrant
32180,12,15,Not immigrant
32194,14,14.000001,Not immigrant
32201,12,12.5,Not immigrant
32206,12,5,Not immigrant
32224,12,15,Not immigrant
32226,12,15.999999,Not immigrant
32236,13,10,Not immigrant
32239,18,10,Not immigrant
32254,14,15.999999,Not immigrant
32257,12,13.333332,Not immigrant
32259,16,12.5,Not immigrant
32264,14,20,Not immigrant
32319,13,0,Not immigrant
32323,16,20,Not immigrant
32324,20,14.000001,Not immigrant
32333,12,7.5,Not immigrant
32336,14,5,Not immigrant
32351,14,7.5,Not immigrant
32363,12,15.999999,Not immigrant
32367,14,10,Not immigrant
32375,16,25,Not immigrant
32378,16,15,Not immigrant
32392,20,12.5,Not immigrant
32432,18,17.5,Not immigrant
32434,14,10,Not immigrant
32440,12,16.666668,Not immigrant
32460,12,22.5,Not immigrant
32464,12,14.000001,Not immigrant
32465,10,2.0000005,Not immigrant
32466,12,6.666666,Not immigrant
32470,20,20,Not immigrant
32474,14,13.333332,Not immigrant
32493,14,15,Not immigrant
32519,10,7.9999995,Not immigrant
32542,14,12,Not immigrant
32546,14,13.333332,Not immigrant
32551,16,10,Not immigrant
32591,14,7.5,Not immigrant
32600,10,6.666666,Not immigrant
32608,14,7.5,Not immigrant
32610,10,0,Not immigrant
32657,13,18,Not immigrant
32666,12,14.000001,Not immigrant
32684,14,11.666668,Not immigrant
32694,16,10,Not immigrant
32700,10,10,Not immigrant
32711,10,5,Not immigrant
32713,10,7.5,Not immigrant
32718,18,20,Not immigrant
32774,14,3.9999998,Not immigrant
32789,14,12.5,Not immigrant
32802,20,30,Not immigrant
32806,14,18,Not immigrant
32821,10,8.333334,Not immigrant
32824,10,5,Not immigrant
32832,14,23.333332,Not immigrant
32836,14,12,Not immigrant
32839,20,20,Not immigrant
32866,13,5,Not immigrant
32867,20,14.000001,Not immigrant
32876,12,0,Not immigrant
32901,10,15,Not immigrant
40001,16,0,Immigrant
40004,10,0,Immigrant
40007,16,25,Immigrant
40008,16,12.5,Immigrant
40010,14,7.9999995,Immigrant
40024,14,6.666666,Immigrant
40033,12,10,Immigrant
40041,16,12,Immigrant
40053,12,7.9999995,Immigrant
40059,14,10,Immigrant
40066,18,15,Immigrant
40070,20,10,Immigrant
40077,10,12.5,Immigrant
40087,16,15,Immigrant
40092,12,7.5,Immigrant
40110,16,10,Immigrant
40114,14,15,Immigrant
40115,12,21.666668,Immigrant
40121,20,12,Immigrant
40128,20,7.5,Immigrant
40130,20,10,Immigrant
40193,10,0,Immigrant
40196,14,15.999999,Immigrant
40207,16,15,Immigrant
40214,14,18,Immigrant
40219,20,14.000001,Immigrant
40227,14,12,Immigrant
40235,12,2.5,Immigrant
40236,10,0,Immigrant
40243,10,1.6666663,Immigrant
40254,10,20,Immigrant
40255,12,7.5,Immigrant
40264,18,10,Immigrant
40289,12,14.000001,Immigrant
40302,20,7.9999995,Immigrant
40306,16,23.333332,Immigrant
40313,10,0,Immigrant
40318,12,0,Immigrant
40326,20,12.5,Immigrant
40345,12,2.0000005,Immigrant
40367,16,13.333332,Immigrant
40388,14,11.666668,Immigrant
40392,20,15,Immigrant
40408,14,24,Immigrant
40425,14,10,Immigrant
40427,10,20,Immigrant
40454,14,7.9999995,Immigrant
40456,12,2.0000005,Immigrant
40460,14,5,Immigrant
40467,12,3.3333337,Immigrant
40470,13,0,Immigrant
40478,14,7.9999995,Immigrant
40495,12,15,Immigrant
40513,14,12,Immigrant
40519,10,12,Immigrant
40545,12,17.5,Immigrant
40549,16,26.666668,Immigrant
40553,14,15,Immigrant
40562,12,5,Immigrant
40574,12,3.9999998,Immigrant
40581,12,7.9999995,Immigrant
40599,12,6,Immigrant
40603,12,10,Immigrant
40618,20,15.999999,Immigrant
40627,12,5,Immigrant
40629,18,24,Immigrant
40684,14,3.3333337,Immigrant
40688,16,30,Immigrant
40705,20,7.5,Immigrant
40710,14,20,Immigrant
40750,12,20,Immigrant
40758,20,10,Immigrant
40773,16,14.000001,Immigrant
40794,14,13.333332,Immigrant
40799,12,10,Immigrant
40820,12,10,Immigrant
40827,14,20,Immigrant
40847,14,14.000001,Immigrant
40854,12,7.5,Immigrant
40867,20,7.9999995,Immigrant
40871,14,10,Immigrant
40920,12,12,Immigrant
40939,16,12.5,Immigrant
40948,16,5,Immigrant
40974,12,20,Immigrant
40983,14,10,Immigrant
41015,14,23.333332,Immigrant
41031,20,7.5,Immigrant
41034,20,2.5,Immigrant
41044,16,11.666668,Immigrant
41073,18,16.666668,Immigrant
41083,14,20,Immigrant
41086,14,7.5,Immigrant
41089,14,10,Immigrant
41096,10,6.666666,Immigrant
41098,12,13.333332,Immigrant
41103,12,6,Immigrant
41104,16,22,Immigrant
41105,10,0,Immigrant
41106,14,10,Immigrant
41107,16,20,Immigrant
41128,12,7.9999995,Immigrant
41133,13,15,Immigrant
41135,12,30,Immigrant
41143,16,20,Immigrant
41146,20,22.5,Immigrant
41147,16,13.333332,Immigrant
41164,20,22.5,Immigrant
41166,16,24,Immigrant
41167,14,22.5,Immigrant
41169,18,7.9999995,Immigrant
41184,14,6.666666,Immigrant
41195,14,20,Immigrant
41199,12,17.5,Immigrant
41200,14,15,Immigrant
41204,14,2.5,Immigrant
41209,16,0,Immigrant
41215,14,7.5,Immigrant
41224,14,17.5,Immigrant
41237,12,2.0000005,Immigrant
41240,10,6,Immigrant
41261,20,12,Immigrant
41262,14,10,Immigrant
41296,10,3.3333337,Immigrant
41299,14,13.333332,Immigrant
41304,10,16.666668,Immigrant
41309,12,23.333332,Immigrant
41322,20,26.666668,Immigrant
41331,10,6,Immigrant
41333,14,14.000001,Immigrant
41341,20,10,Immigrant
41359,10,2.5,Immigrant
41371,12,24,Immigrant
41374,20,2.5,Immigrant
41377,10,15,Immigrant
41385,14,2.5,Immigrant
41389,16,12,Immigrant
41414,14,3.3333337,Immigrant
41427,14,10,Immigrant
41430,14,24,Immigrant
41435,20,12,Immigrant
41459,12,13.333332,Immigrant
41460,14,10,Immigrant
41463,10,13.333332,Immigrant
41465,14,2.0000005,Immigrant
41466,16,14.000001,Immigrant
41472,12,12.5,Immigrant
41476,14,10,Immigrant
41495,12,7.5,Immigrant
41496,14,16.666668,Immigrant
41512,12,0,Immigrant
41517,14,15,Immigrant
41530,12,12,Immigrant
41534,12,17.5,Immigrant
41535,13,12,Immigrant
41539,12,20,Immigrant
41563,10,0,Immigrant
41568,18,22.5,Immigrant
41573,12,26.666668,Immigrant
41585,12,14.000001,Immigrant
41590,14,8.333334,Immigrant
41599,20,22.5,Immigrant
41602,20,27.5,Immigrant
41604,12,12.5,Immigrant
41627,12,15,Immigrant
41646,14,20,Immigrant
41655,10,10,Immigrant
41663,14,0,Immigrant
41670,12,13.333332,Immigrant
41695,14,20,Immigrant
41700,12,2.0000005,Immigrant
41706,16,11.666668,Immigrant
41729,12,7.5,Immigrant
41733,10,23.333332,Immigrant
41734,20,11.666668,Immigrant
41744,10,10,Immigrant
41762,12,10,Immigrant
41773,14,17.5,Immigrant
41787,12,0,Immigrant
41809,14,14.000001,Immigrant
41816,12,18,Immigrant
41817,12,22.5,Immigrant
41823,12,0,Immigrant
41857,10,10,Immigrant
41860,12,10,Immigrant
41870,12,12.5,Immigrant
41882,10,10,Immigrant
41884,14,5,Immigrant
41887,10,15,Immigrant
41892,20,10,Immigrant
41894,14,15,Immigrant
50005,20,15.999999,Immigrant
50007,12,12.5,Immigrant
50008,14,14.000001,Immigrant
50012,10,11.666668,Immigrant
50014,20,13.333332,Immigrant
50030,12,10,Immigrant
50043,12,12.5,Immigrant
50057,12,20,Immigrant
50085,12,10,Immigrant
50092,10,8.333334,Immigrant
50096,14,10,Immigrant
50100,20,22,Immigrant
50104,18,17.5,Immigrant
50135,20,12,Immigrant
50138,16,7.5,Immigrant
50139,14,3.9999998,Immigrant
50192,14,12.5,Immigrant
50199,12,12,Immigrant
50202,12,11.666668,Immigrant
50212,20,20,Immigrant
50224,20,0,Immigrant
50246,14,7.5,Immigrant
50249,20,14.000001,Immigrant
50250,12,13.333332,Immigrant
50256,10,16.666668,Immigrant
50263,12,10,Immigrant
50265,16,7.5,Immigrant
50268,14,18,Immigrant
50270,16,13.333332,Immigrant
50275,14,2.0000005,Immigrant
50281,12,2.0000005,Immigrant
50293,10,1.6666663,Immigrant
50305,16,11.666668,Immigrant
50310,12,15,Immigrant
50319,20,14.000001,Immigrant
50327,16,2.0000005,Immigrant
50334,12,0,Immigrant
50352,12,0,Immigrant
50356,12,2.0000005,Immigrant
50359,12,5,Immigrant
50366,18,15.999999,Immigrant
50387,14,23.333332,Immigrant
50401,14,10,Immigrant
50404,14,6,Immigrant
50426,14,25,Immigrant
50427,16,12.5,Immigrant
50464,20,15,Immigrant
50484,20,28,Immigrant
50486,12,6,Immigrant
50489,12,5,Immigrant
50492,16,12.5,Immigrant
50520,16,7.5,Immigrant
50526,14,11.666668,Immigrant
50550,16,22.5,Immigrant
50557,14,3.9999998,Immigrant
50575,10,3.9999998,Immigrant
50576,20,13.333332,Immigrant
50639,16,20,Immigrant
50642,14,18,Immigrant
50645,12,15,Immigrant
50662,14,10,Immigrant
50669,14,5,Immigrant
50681,16,12,Immigrant
50695,16,12,Immigrant
50708,14,18,Immigrant
50711,14,17.5,Immigrant
50719,14,2.5,Immigrant
50731,16,15,Immigrant
50744,12,6,Immigrant
50761,18,23.333332,Immigrant
50776,12,13.333332,Immigrant
50778,12,20,Immigrant
50782,20,5,Immigrant
50794,12,6,Immigrant
50795,14,17.5,Immigrant
50814,12,10,Immigrant
50840,14,3.3333337,Immigrant
50854,14,12,Immigrant
50866,12,7.5,Immigrant
50875,20,17.5,Immigrant
50877,16,15,Immigrant
50910,12,13.333332,Immigrant
50933,16,14.000001,Immigrant
50970,16,5,Immigrant
50989,20,3.9999998,Immigrant
51000,14,20,Immigrant
51006,14,12.5,Immigrant
51027,18,22.5,Immigrant
51033,16,10,Immigrant
51050,12,15,Immigrant
51105,12,10,Immigrant
51109,10,13.333332,Immigrant
51111,12,5,Immigrant
51113,14,7.9999995,Immigrant
51124,14,7.5,Immigrant
51181,14,14.000001,Immigrant
51184,14,22.5,Immigrant
51199,14,5,Immigrant
51214,20,17.5,Immigrant
51222,10,15,Immigrant
51224,16,13.333332,Immigrant
60006,16,20,Immigrant
60017,14,20,Immigrant
60019,12,6,Immigrant
60021,20,26.666668,Immigrant
60043,12,12.5,Immigrant
60051,20,17.5,Immigrant
60054,14,7.9999995,Immigrant
60105,12,16.666668,Immigrant
60111,14,10,Immigrant
60121,14,15.999999,Immigrant
60126,12,18,Immigrant
60131,12,6,Immigrant
60187,16,20,Immigrant
60190,16,18.333332,Immigrant
60193,12,10,Immigrant
60196,12,7.5,Immigrant
60244,14,3.3333337,Immigrant
60249,10,2.5,Immigrant
60256,14,12,Immigrant
60262,12,17.5,Immigrant
60263,10,6,Immigrant
60266,14,12.5,Immigrant
60268,16,6.666666,Immigrant
60273,20,20,Immigrant
60285,20,6.666666,Immigrant
60287,20,15,Immigrant
60294,16,10,Immigrant
60296,10,2.0000005,Immigrant
60304,12,2.5,Immigrant
60311,14,6,Immigrant
60312,14,7.5,Immigrant
60319,12,7.5,Immigrant
60334,16,10,Immigrant
60337,16,14.000001,Immigrant
60339,14,10,Immigrant
60350,10,0,Immigrant
60371,14,6,Immigrant
60374,14,12.5,Immigrant
60375,12,6,Immigrant
60395,14,10,Immigrant
60397,14,20,Immigrant
60401,16,11.666668,Immigrant
60408,16,18,Immigrant
60410,14,5,Immigrant
60413,14,20,Immigrant
60414,20,15.999999,Immigrant
60417,12,0,Immigrant
60444,12,15,Immigrant
60445,16,14.000001,Immigrant
60450,14,3.3333337,Immigrant
60470,20,7.5,Immigrant
60473,20,10,Immigrant
60507,12,6,Immigrant
60512,16,7.9999995,Immigrant
60524,14,15,Immigrant
60545,20,23.333332,Immigrant
60548,14,23.333332,Immigrant
60552,13,17.5,Immigrant
60555,16,0,Immigrant
60573,20,10,Immigrant
60594,14,14.000001,Immigrant
60606,14,7.9999995,Immigrant
60607,14,5,Immigrant
60617,16,13.333332,Immigrant
60619,14,3.9999998,Immigrant
60621,16,15,Immigrant
60637,14,5,Immigrant
60655,14,3.9999998,Immigrant
60657,10,15,Immigrant
60674,20,27.5,Immigrant
60713,14,15,Immigrant
60715,14,7.5,Immigrant
60717,12,18,Immigrant
60743,12,14.000001,Immigrant
60768,14,6,Immigrant
60776,20,15.999999,Immigrant
60780,14,12,Immigrant
60783,16,16.666668,Immigrant
60852,14,15,Immigrant
60860,20,15,Immigrant
60863,13,7.9999995,Immigrant
60869,14,0,Immigrant
60883,14,15,Immigrant
60885,20,13.333332,Immigrant
60891,14,18,Immigrant
60893,10,1.6666663,Immigrant
60911,10,7.9999995,Immigrant
60929,14,2.5,Immigrant
60967,14,0,Immigrant
60975,16,6,Immigrant
60976,18,26.666668,Immigrant
60977,12,3.9999998,Immigrant
60978,20,17.5,Immigrant
60980,20,10,Immigrant
60994,12,10,Immigrant
60996,12,7.5,Immigrant
60999,10,5,Immigrant
61000,14,12,Immigrant
61008,12,10,Immigrant
61030,16,17.5,Immigrant
61050,14,22.5,Immigrant
61056,14,30,Immigrant
61064,12,12.5,Immigrant
61065,12,7.9999995,Immigrant
61066,14,10,Immigrant
61078,14,15,Immigrant
61113,14,13.333332,Immigrant
61128,16,20,Immigrant
61129,20,15,Immigrant
61141,10,10,Immigrant
61144,16,3.9999998,Immigrant
61154,12,26,Immigrant
61171,10,5,Immigrant
61178,14,20,Immigrant
61185,20,3.9999998,Immigrant
61221,16,7.9999995,Immigrant
61226,14,8.333334,Immigrant
61234,14,10,Immigrant
61252,12,15.999999,Immigrant
61255,18,20,Immigrant
61269,20,17.5,Immigrant
61276,14,15,Immigrant
61277,20,20,Immigrant
61281,20,15.999999,Immigrant
61282,12,15.999999,Immigrant
61286,16,12,Immigrant
61301,20,12,Immigrant
61308,14,7.9999995,Immigrant
61309,16,22.5,Immigrant
61337,14,5,Immigrant
61340,16,13.333332,Immigrant
61344,13,15,Immigrant
61349,13,20,Immigrant
61350,20,15,Immigrant
61353,14,15.999999,Immigrant
61365,12,2.5,Immigrant
61384,16,3.9999998,Immigrant
61386,20,12,Immigrant
61413,16,3.9999998,Immigrant
61416,16,15,Immigrant
61436,14,20,Immigrant
61437,14,5,Immigrant
61439,16,15.999999,Immigrant
61442,16,17.5,Immigrant
61462,14,17.5,Immigrant
61472,12,12.5,Immigrant
61476,16,25,Immigrant
61483,14,6,Immigrant
61490,16,17.5,Immigrant
61503,10,10,Immigrant
61512,10,15,Immigrant
61513,14,15.999999,Immigrant
61553,16,14.000001,Immigrant
61568,14,5,Immigrant
61588,14,20,Immigrant
61600,16,15.999999,Immigrant
61606,12,14.000001,Immigrant
80045,16,10,Immigrant
80056,20,15,Immigrant
80065,20,6.666666,Immigrant
80074,12,12,Immigrant
80077,13,10,Immigrant
80112,20,23.333332,Immigrant
80142,10,17.5,Immigrant
80177,14,3.9999998,Immigrant
80194,13,13.333332,Immigrant
80197,14,3.3333337,Immigrant
80208,12,0,Immigrant
80255,20,16.666668,Immigrant
80272,16,10,Immigrant
80280,14,30,Immigrant
80283,14,7.5,Immigrant
80287,14,13.333332,Immigrant
80298,14,15.999999,Immigrant
80313,16,5,Immigrant
80316,14,3.9999998,Immigrant
80354,18,17.5,Immigrant
80370,20,16.666668,Immigrant
80402,10,12,Immigrant
80410,20,15,Immigrant
80419,20,12,Immigrant
80452,16,17.5,Immigrant
80459,14,10,Immigrant
80467,16,17.5,Immigrant
80474,18,25,Immigrant
80490,20,22.5,Immigrant
80542,14,16.666668,Immigrant
80546,16,13.333332,Immigrant
80581,13,6.666666,Immigrant
80585,12,17.5,Immigrant
80591,18,16.666668,Immigrant
80623,18,15,Immigrant
80642,12,20,Immigrant
80661,16,26.666668,Immigrant
80688,12,15,Immigrant
80694,20,20,Immigrant
80695,18,25,Immigrant
80735,12,17.5,Immigrant
80741,20,14.000001,Immigrant
80758,16,10,Immigrant
80840,16,30,Immigrant
80868,10,12,Immigrant
80884,20,12.5,Immigrant
80924,20,10,Immigrant
80927,20,23.333332,Immigrant
80949,16,20,Immigrant
80968,20,16.666668,Immigrant
80970,20,15,Immigrant
80973,12,7.9999995,Immigrant
81004,14,8.333334,Immigrant
81010,20,10,Immigrant
81040,12,7.5,Immigrant
81044,20,20,Immigrant
81064,20,15,Immigrant
81070,12,10,Immigrant
81075,16,12,Immigrant
81085,16,18,Immigrant
81135,14,0,Immigrant
81141,14,18,Immigrant
81153,18,23.333332,Immigrant
81160,16,17.5,Immigrant
81196,14,10,Immigrant
81204,20,10,Immigrant
81216,20,0,Immigrant
81255,16,13.333332,Immigrant
81276,14,10,Immigrant
81281,20,17.5,Immigrant
81288,20,23.333332,Immigrant
81295,18,10,Immigrant
81300,16,20,Immigrant
81320,14,7.9999995,Immigrant
81335,16,11.666668,Immigrant
81347,20,16.666668,Immigrant
81366,20,20,Immigrant
81386,14,20,Immigrant
81409,20,26.666668,Immigrant
81413,18,17.5,Immigrant
81426,20,13.333332,Immigrant
81537,12,10,Immigrant
81540,14,17.5,Immigrant
81544,12,7.5,Immigrant
81549,20,20,Immigrant
81588,20,7.5,Immigrant
81616,14,14.000001,Immigrant
81618,12,7.9999995,Immigrant
81672,16,10,Immigrant
81709,14,15,Immigrant
81710,14,15,Immigrant
81730,20,20,Immigrant
81754,16,12,Immigrant
81760,16,20,Immigrant
81774,16,23.333332,Immigrant
81778,14,7.9999995,Immigrant
81784,12,14.000001,Immigrant
81789,20,12.5,Immigrant
81809,20,14.000001,Immigrant
81812,12,10,Immigrant
81839,14,17.5,Immigrant
81846,20,6,Immigrant
81847,20,20,Immigrant
81882,20,16.666668,Immigrant
81887,12,0,Immigrant
81931,20,6.666666,Immigrant
81955,14,15,Immigrant
81966,10,2.0000005,Immigrant
81999,14,20,Immigrant
82001,12,6.666666,Immigrant
82031,14,6,Immigrant
82037,16,30,Immigrant
82087,16,6.666666,Immigrant
82108,10,5,Immigrant
82109,16,14.000001,Immigrant
82161,16,16.666668,Immigrant
82173,20,20,Immigrant
82187,20,10,Immigrant
82195,20,13.333332,Immigrant
82203,16,15,Immigrant
82226,20,14.000001,Immigrant
82246,20,26.666668,Immigrant
82254,20,15,Immigrant
82263,12,13.333332,Immigrant
82271,14,12,Immigrant
82301,14,8.333334,Immigrant
82305,20,10,Immigrant
82313,16,12,Immigrant
82322,14,6,Immigrant
82353,20,17.5,Immigrant
82371,18,5,Immigrant
82384,20,23.333332,Immigrant
82388,20,15.999999,Immigrant
82409,12,3.9999998,Immigrant
82411,12,14.000001,Immigrant
82429,16,16.666668,Immigrant
82497,20,26.666668,Immigrant
82522,12,5,Immigrant
82544,16,0,Immigrant
82584,16,15.999999,Immigrant
82658,12,15,Immigrant
82698,14,25,Immigrant
82708,12,2.5,Immigrant
82730,20,10,Immigrant
82739,14,20,Immigrant
82761,12,14.000001,Immigrant
82770,20,20,Immigrant
82776,14,12.5,Immigrant
82783,14,13.333332,Immigrant
82807,12,14.000001,Immigrant
82810,16,10,Immigrant
82846,14,25,Immigrant
82856,16,10,Immigrant
82892,12,12.5,Immigrant
82913,16,15,Immigrant
82936,16,13.333332,Immigrant
82939,16,18,Immigrant
82967,20,12,Immigrant
82969,20,3.3333337,Immigrant
82987,20,15,Immigrant
82996,16,15,Immigrant
83039,16,25,Immigrant
83047,20,5,Immigrant
83053,20,18,Immigrant
83068,16,10,Immigrant
83075,16,7.9999995,Immigrant
83093,14,10,Immigrant
83107,20,20,Immigrant
83110,20,15.999999,Immigrant
83113,20,23.333332,Immigrant
83115,12,7.5,Immigrant
83123,14,2.5,Immigrant
83176,14,15,Immigrant
83186,16,15.999999,Immigrant
83205,20,16.666668,Immigrant
83246,20,22,Immigrant
83264,16,15.999999,Immigrant
83308,14,6,Immigrant
83339,16,20,Immigrant
83345,20,15,Immigrant
83400,20,20,Immigrant
83408,16,10,Immigrant
83411,14,10,Immigrant
83426,20,3.3333337,Immigrant
83516,16,2.0000005,Immigrant
83542,20,15,Immigrant
83549,20,20,Immigrant
83568,14,7.5,Immigrant
83588,20,17.5,Immigrant
83594,16,10,Immigrant
83642,12,23.333332,Immigrant
83706,10,13.333332,Immigrant
83750,16,5,Immigrant
83774,18,20,Immigrant
83857,14,15,Immigrant
83886,16,10,Immigrant
83908,20,5,Immigrant
83933,12,18,Immigrant
83949,10,3.3333337,Immigrant
83952,20,5,Immigrant
84017,14,25,Immigrant
84046,20,26.666668,Immigrant
84107,20,7.5,Immigrant
84136,20,10,Immigrant
84140,16,30,Immigrant
84165,16,17.5,Immigrant
84170,10,17.5,Immigrant
84175,20,15,Immigrant
84203,16,12,Immigrant
84221,16,16.666668,Immigrant
84235,20,26.666668,Immigrant
84283,14,23.333332,Immigrant
84285,14,11.666668,Immigrant
84290,20,20,Immigrant
90045,12,13.333332,Immigrant
90050,14,12,Immigrant
90053,14,20,Immigrant
90112,14,16.666668,Immigrant
90148,14,14.000001,Immigrant
90166,14,16.666668,Immigrant
90188,18,16.666668,Immigrant
90195,20,12.5,Immigrant
90334,14,13.333332,Immigrant
90345,20,12.5,Immigrant
90356,14,16.666668,Immigrant
90416,20,15,Immigrant
90427,16,13.333332,Immigrant
90458,14,15,Immigrant
90498,14,6,Immigrant
90512,16,18.333332,Immigrant
90566,16,16.666668,Immigrant
90574,16,15.999999,Immigrant
90615,14,12.5,Immigrant
90640,18,20,Immigrant
90644,20,12,Immigrant
90699,12,0,Immigrant
90754,18,7.9999995,Immigrant
90804,20,10,Immigrant
90840,14,10,Immigrant
90865,20,13.333332,Immigrant
90874,20,20,Immigrant
90929,14,2.5,Immigrant
91115,16,13.333332,Immigrant
91128,16,8.333334,Immigrant
91181,14,13.333332,Immigrant
91193,20,15,Immigrant
92026,16,14.000001,Immigrant
92035,12,10,Immigrant
92042,12,6,Immigrant
92044,14,15.999999,Immigrant
92057,20,10,Immigrant
92095,14,11.666668,Immigrant
92120,10,2.5,Immigrant
92139,10,10,Immigrant
92164,10,0,Immigrant
92168,20,18,Immigrant
92194,12,7.5,Immigrant
92201,12,3.3333337,Immigrant
92206,14,6.666666,Immigrant
92211,20,10,Immigrant
92246,10,20,Immigrant
92295,16,1.6666663,Immigrant
92339,18,7.9999995,Immigrant
92425,14,15,Immigrant
92433,16,7.5,Immigrant
92506,16,17.5,Immigrant
92536,20,24,Immigrant
92569,14,8.333334,Immigrant
92573,14,15.999999,Immigrant
92739,13,11.666668,Immigrant
92765,10,0,Immigrant
92784,12,0,Immigrant
92830,12,6.666666,Immigrant
92837,14,5,Immigrant
92844,14,2.5,Immigrant
92922,16,7.9999995,Immigrant
92958,16,13.333332,Immigrant
94052,10,0,Immigrant
94055,18,11.666668,Immigrant
94072,20,22.5,Immigrant
94088,16,18.333332,Immigrant
94117,10,0,Immigrant
94125,14,15,Immigrant
94129,10,22,Immigrant
94180,14,10,Immigrant
94218,13,7.9999995,Immigrant
94235,10,12,Immigrant
94258,10,20,Immigrant
94261,16,5,Immigrant
94272,18,20,Immigrant
94351,13,12.5,Immigrant
94355,10,3.9999998,Immigrant
94366,16,12,Immigrant
94375,16,10,Immigrant
94402,14,15,Immigrant
94415,12,15.999999,Immigrant
94422,10,3.3333337,Immigrant
94487,12,3.3333337,Immigrant
94493,16,5,Immigrant
94523,14,12,Immigrant
94546,12,12,Immigrant
94552,20,25,Immigrant
94560,13,17.5,Immigrant
94563,20,20,Immigrant
94566,10,10,Immigrant
94570,12,15,Immigrant
94596,14,15,Immigrant
94619,12,7.5,Immigrant
94644,20,14.000001,Immigrant
94664,16,30,Immigrant
94718,14,7.5,Immigrant
94743,12,0,Immigrant
94767,16,14.000001,Immigrant
94775,20,8.333334,Immigrant
94795,14,20,Immigrant
94842,10,13.333332,Immigrant
94877,12,0,Immigrant
94886,13,18,Immigrant
94887,13,10,Immigrant
94970,14,7.9999995,Immigrant
94992,14,3.9999998,Immigrant
95018,12,20,Immigrant